,orderNumber,productCode,quantityOrdered,priceEach,orderLineNumber
0,10100,S18_1749,30,136.0,3
1,10100,S18_2248,50,55.09,2
2,10100,S18_4409,22,75.46,4
3,10100,S24_3969,49,35.29,1
4,10101,S18_2325,25,108.06,4
5,10101,S18_2795,26,167.06,1
6,10101,S24_1937,45,32.53,3
7,10101,S24_2022,46,44.35,2
8,10102,S18_1342,39,95.55,2
9,10102,S18_1367,41,43.13,1
10,10103,S10_1949,26,214.3,11
11,10103,S10_4962,42,119.67,4
12,10103,S12_1666,27,121.64,8
13,10103,S18_1097,35,94.5,10
14,10103,S18_2432,22,58.34,2
15,10103,S18_2949,27,92.19,12
16,10103,S18_2957,35,61.84,14
17,10103,S18_3136,25,86.92,13
18,10103,S18_3320,46,86.31,16
19,10103,S18_4600,36,98.07,5
20,10103,S18_4668,41,40.75,9
21,10103,S24_2300,36,107.34,1
22,10103,S24_4258,25,88.62,15
23,10103,S32_1268,31,92.46,3
24,10103,S32_3522,45,63.35,7
25,10103,S700_2824,42,94.07,6
26,10104,S12_3148,34,131.44,1
27,10104,S12_4473,41,111.39,9
28,10104,S18_2238,24,135.9,8
29,10104,S18_2319,29,122.73,12
30,10104,S18_3232,23,165.95,13
31,10104,S18_4027,38,119.2,3
32,10104,S24_1444,35,52.02,6
33,10104,S24_2840,44,30.41,10
34,10104,S24_4048,26,106.45,5
35,10104,S32_2509,35,51.95,11
36,10104,S32_3207,49,56.55,4
37,10104,S50_1392,33,114.59,7
38,10104,S50_1514,32,53.31,2
39,10105,S10_4757,50,127.84,2
40,10105,S12_1108,41,205.72,15
41,10105,S12_3891,29,141.88,14
42,10105,S18_3140,22,136.59,11
43,10105,S18_3259,38,87.73,13
44,10105,S18_4522,41,75.48,10
45,10105,S24_2011,43,117.97,9
46,10105,S24_3151,44,73.46,4
47,10105,S24_3816,50,75.47,1
48,10105,S700_1138,41,54.0,5
49,10105,S700_1938,29,86.61,12
50,10105,S700_2610,31,60.72,3
51,10105,S700_3505,39,92.16,6
52,10105,S700_3962,22,99.31,7
53,10105,S72_3212,25,44.77,8
54,10106,S18_1662,36,134.04,12
55,10106,S18_2581,34,81.1,2
56,10106,S18_3029,41,80.86,18
57,10106,S18_3856,41,94.22,17
58,10106,S24_1785,28,107.23,4
59,10106,S24_2841,49,65.77,13
60,10106,S24_3420,31,55.89,14
61,10106,S24_3949,50,55.96,11
62,10106,S24_4278,26,71.0,3
63,10106,S32_4289,33,65.35,5
64,10106,S50_1341,39,35.78,6
65,10106,S700_1691,31,91.34,7
66,10106,S700_2047,30,85.09,16
67,10106,S700_2466,34,99.72,9
68,10106,S700_2834,32,113.9,1
69,10106,S700_3167,44,76.0,8
70,10106,S700_4002,48,70.33,10
71,10106,S72_1253,48,43.7,15
72,10107,S10_1678,30,81.35,2
73,10107,S10_2016,39,105.86,5
74,10107,S10_4698,27,172.36,4
75,10107,S12_2823,21,122.0,1
76,10107,S18_2625,29,52.7,6
77,10107,S24_1578,25,96.92,3
78,10107,S24_2000,38,73.12,7
79,10107,S32_1374,20,88.9,8
80,10108,S12_1099,33,165.38,6
81,10108,S12_3380,45,96.3,4
82,10108,S12_3990,39,75.81,7
83,10108,S12_4675,36,107.1,3
84,10108,S18_1889,38,67.76,2
85,10108,S18_3278,26,73.17,9
86,10108,S18_3482,29,132.29,8
87,10108,S18_3782,43,52.84,12
88,10108,S18_4721,44,139.87,11
89,10108,S24_2360,35,64.41,15
90,10108,S24_3371,30,60.01,5
91,10108,S24_3856,40,132.0,1
92,10108,S24_4620,31,67.1,10
93,10108,S32_2206,27,36.21,13
94,10108,S32_4485,31,87.76,16
95,10108,S50_4713,34,74.85,14
96,10109,S18_1129,26,117.48,4
97,10109,S18_1984,38,137.98,3
98,10109,S18_2870,26,126.72,1
99,10109,S18_3232,46,160.87,5
100,10109,S18_3685,47,125.74,2
101,10109,S24_2972,29,32.1,6
102,10110,S18_1589,37,118.22,16
103,10110,S18_1749,42,153.0,7
104,10110,S18_2248,32,51.46,6
105,10110,S18_2325,33,115.69,4
106,10110,S18_2795,31,163.69,1
107,10110,S18_4409,28,81.91,8
108,10110,S18_4933,42,62.0,9
109,10110,S24_1046,36,72.02,13
110,10110,S24_1628,29,43.27,15
111,10110,S24_1937,20,28.88,3
112,10110,S24_2022,39,40.77,2
113,10110,S24_2766,43,82.69,11
114,10110,S24_2887,46,112.74,10
115,10110,S24_3191,27,80.47,12
116,10110,S24_3432,37,96.37,14
117,10110,S24_3969,48,35.29,5
118,10111,S18_1342,33,87.33,6
119,10111,S18_1367,48,48.52,5
120,10111,S18_2957,28,53.09,2
121,10111,S18_3136,43,94.25,1
122,10111,S18_3320,39,91.27,4
123,10111,S24_4258,26,85.7,3
124,10112,S10_1949,29,197.16,1
125,10112,S18_2949,23,85.1,2
126,10113,S12_1666,21,121.64,2
127,10113,S18_1097,49,101.5,4
128,10113,S18_4668,50,43.27,3
129,10113,S32_3522,23,58.82,1
130,10114,S10_4962,31,128.53,8
131,10114,S18_2319,39,106.78,3
132,10114,S18_2432,45,53.48,6
133,10114,S18_3232,48,169.34,4
134,10114,S18_4600,41,105.34,9
135,10114,S24_2300,21,102.23,5
136,10114,S24_2840,24,28.64,1
137,10114,S32_1268,32,88.61,7
138,10114,S32_2509,28,43.83,2
139,10114,S700_2824,42,82.94,10
140,10115,S12_4473,46,111.39,5
141,10115,S18_2238,46,140.81,4
142,10115,S24_1444,47,56.64,2
143,10115,S24_4048,44,106.45,1
144,10115,S50_1392,27,100.7,3
145,10116,S32_3207,27,60.28,1
146,10117,S12_1108,33,195.33,9
147,10117,S12_3148,43,148.06,10
148,10117,S12_3891,39,173.02,8
149,10117,S18_3140,26,121.57,5
150,10117,S18_3259,21,81.68,7
151,10117,S18_4027,22,122.08,12
152,10117,S18_4522,23,73.73,4
153,10117,S24_2011,41,119.2,3
154,10117,S50_1514,21,55.65,11
155,10117,S700_1938,38,75.35,6
156,10117,S700_3962,45,89.38,1
157,10117,S72_3212,50,52.42,2
158,10118,S700_3505,36,86.15,1
159,10119,S10_4757,46,112.88,11
160,10119,S18_1662,43,151.38,3
161,10119,S18_3029,21,74.84,9
162,10119,S18_3856,27,95.28,8
163,10119,S24_2841,41,64.4,4
164,10119,S24_3151,35,72.58,13
165,10119,S24_3420,20,63.12,5
166,10119,S24_3816,35,82.18,10
167,10119,S24_3949,28,62.1,2
168,10119,S700_1138,25,57.34,14
169,10119,S700_2047,29,74.23,7
170,10119,S700_2610,38,67.22,12
171,10119,S700_4002,26,63.67,1
172,10119,S72_1253,28,40.22,6
173,10120,S10_2016,29,118.94,3
174,10120,S10_4698,46,158.8,2
175,10120,S18_2581,29,82.79,8
176,10120,S18_2625,46,57.54,4
177,10120,S24_1578,35,110.45,1
178,10120,S24_1785,39,93.01,10
179,10120,S24_2000,34,72.36,5
180,10120,S24_4278,29,71.73,9
181,10120,S32_1374,22,94.9,6
182,10120,S32_4289,29,68.79,11
183,10120,S50_1341,49,41.46,12
184,10120,S700_1691,47,91.34,13
185,10120,S700_2466,24,81.77,15
186,10120,S700_2834,24,106.79,7
187,10120,S700_3167,43,72.0,14
188,10121,S10_1678,34,86.13,5
189,10121,S12_2823,50,126.52,4
190,10121,S24_2360,32,58.18,2
191,10121,S32_4485,25,95.93,3
192,10121,S50_4713,44,72.41,1
193,10122,S12_1099,42,155.66,10
194,10122,S12_3380,37,113.92,8
195,10122,S12_3990,32,65.44,11
196,10122,S12_4675,20,104.8,7
197,10122,S18_1129,34,114.65,2
198,10122,S18_1889,43,62.37,6
199,10122,S18_1984,31,113.8,1
200,10122,S18_3232,25,137.17,3
201,10122,S18_3278,21,69.15,13
202,10122,S18_3482,21,133.76,12
203,10122,S18_3782,35,59.06,16
204,10122,S18_4721,28,145.82,15
205,10122,S24_2972,39,34.74,4
206,10122,S24_3371,34,50.82,9
207,10122,S24_3856,43,136.22,5
208,10122,S24_4620,29,67.1,14
209,10122,S32_2206,31,33.79,17
210,10123,S18_1589,26,120.71,2
211,10123,S18_2870,46,114.84,3
212,10123,S18_3685,34,117.26,4
213,10123,S24_1628,50,43.27,1
214,10124,S18_1749,21,153.0,6
215,10124,S18_2248,42,58.12,5
216,10124,S18_2325,42,111.87,3
217,10124,S18_4409,36,75.46,7
218,10124,S18_4933,23,66.28,8
219,10124,S24_1046,22,62.47,12
220,10124,S24_1937,45,30.53,2
221,10124,S24_2022,22,36.29,1
222,10124,S24_2766,32,74.51,10
223,10124,S24_2887,25,93.95,9
224,10124,S24_3191,49,76.19,11
225,10124,S24_3432,43,101.73,13
226,10124,S24_3969,46,36.11,4
227,10125,S18_1342,32,89.38,1
228,10125,S18_2795,34,138.38,2
229,10126,S10_1949,38,205.73,11
230,10126,S10_4962,22,122.62,4
231,10126,S12_1666,21,135.3,8
232,10126,S18_1097,38,116.67,10
233,10126,S18_1367,42,51.21,17
234,10126,S18_2432,43,51.05,2
235,10126,S18_2949,31,93.21,12
236,10126,S18_2957,46,61.84,14
237,10126,S18_3136,30,93.2,13
238,10126,S18_3320,38,94.25,16
239,10126,S18_4600,50,102.92,5
240,10126,S18_4668,43,47.29,9
241,10126,S24_2300,27,122.68,1
242,10126,S24_4258,34,83.76,15
243,10126,S32_1268,43,82.83,3
244,10126,S32_3522,26,62.05,7
245,10126,S700_2824,45,97.1,6
246,10127,S12_1108,46,193.25,2
247,10127,S12_3148,46,140.5,3
248,10127,S12_3891,42,169.56,1
249,10127,S12_4473,24,100.73,11
250,10127,S18_2238,45,140.81,10
251,10127,S18_2319,45,114.14,14
252,10127,S18_3232,22,149.02,15
253,10127,S18_4027,25,126.39,5
254,10127,S24_1444,20,50.86,8
255,10127,S24_2840,39,34.3,12
256,10127,S24_4048,20,107.63,7
257,10127,S32_2509,45,46.53,13
258,10127,S32_3207,29,60.9,6
259,10127,S50_1392,46,111.12,9
260,10127,S50_1514,46,55.65,4
261,10128,S18_3140,41,120.2,2
262,10128,S18_3259,41,80.67,4
263,10128,S18_4522,43,77.24,1
264,10128,S700_1938,32,72.75,3
265,10129,S10_4757,33,123.76,2
266,10129,S24_2011,45,113.06,9
267,10129,S24_3151,41,81.43,4
268,10129,S24_3816,50,76.31,1
269,10129,S700_1138,31,58.67,5
270,10129,S700_2610,45,72.28,3
271,10129,S700_3505,42,90.15,6
272,10129,S700_3962,30,94.34,7
273,10129,S72_3212,32,44.23,8
274,10130,S18_3029,40,68.82,2
275,10130,S18_3856,33,99.52,1
276,10131,S18_1662,21,141.92,4
277,10131,S24_2841,35,60.97,5
278,10131,S24_3420,29,52.6,6
279,10131,S24_3949,50,54.59,3
280,10131,S700_2047,22,76.94,8
281,10131,S700_2466,40,86.76,1
282,10131,S700_4002,26,63.67,2
283,10131,S72_1253,21,40.22,7
284,10132,S700_3167,36,80.0,1
285,10133,S18_2581,49,80.26,3
286,10133,S24_1785,41,109.42,5
287,10133,S24_4278,46,61.58,4
288,10133,S32_1374,23,80.91,1
289,10133,S32_4289,49,67.41,6
290,10133,S50_1341,27,37.09,7
291,10133,S700_1691,24,76.73,8
292,10133,S700_2834,27,115.09,2
293,10134,S10_1678,41,90.92,2
294,10134,S10_2016,27,116.56,5
295,10134,S10_4698,31,187.85,4
296,10134,S12_2823,20,131.04,1
297,10134,S18_2625,30,51.48,6
298,10134,S24_1578,35,94.67,3
299,10134,S24_2000,43,75.41,7
300,10135,S12_1099,42,173.17,7
301,10135,S12_3380,48,110.39,5
302,10135,S12_3990,24,72.62,8
303,10135,S12_4675,29,103.64,4
304,10135,S18_1889,48,66.99,3
305,10135,S18_3278,45,65.94,10
306,10135,S18_3482,42,139.64,9
307,10135,S18_3782,45,49.74,13
308,10135,S18_4721,31,133.92,12
309,10135,S24_2360,29,67.18,16
310,10135,S24_2972,20,34.36,1
311,10135,S24_3371,27,52.05,6
312,10135,S24_3856,47,139.03,2
313,10135,S24_4620,23,76.8,11
314,10135,S32_2206,33,38.62,14
315,10135,S32_4485,30,91.85,17
316,10135,S50_4713,44,78.92,15
317,10136,S18_1129,25,117.48,2
318,10136,S18_1984,36,120.91,1
319,10136,S18_3232,41,169.34,3
320,10137,S18_1589,44,115.73,2
321,10137,S18_2870,37,110.88,3
322,10137,S18_3685,31,118.68,4
323,10137,S24_1628,26,40.25,1
324,10138,S18_1749,33,149.6,6
325,10138,S18_2248,22,51.46,5
326,10138,S18_2325,38,114.42,3
327,10138,S18_4409,47,79.15,7
328,10138,S18_4933,23,64.86,8
329,10138,S24_1046,45,59.53,12
330,10138,S24_1937,22,33.19,2
331,10138,S24_2022,33,38.53,1
332,10138,S24_2766,28,73.6,10
333,10138,S24_2887,30,96.3,9
334,10138,S24_3191,49,77.05,11
335,10138,S24_3432,21,99.58,13
336,10138,S24_3969,29,32.82,4
337,10139,S18_1342,31,89.38,7
338,10139,S18_1367,49,52.83,6
339,10139,S18_2795,41,151.88,8
340,10139,S18_2949,46,91.18,1
341,10139,S18_2957,20,52.47,3
342,10139,S18_3136,20,101.58,2
343,10139,S18_3320,30,81.35,5
344,10139,S24_4258,29,93.49,4
345,10140,S10_1949,37,186.44,11
346,10140,S10_4962,26,131.49,4
347,10140,S12_1666,38,118.9,8
348,10140,S18_1097,32,95.67,10
349,10140,S18_2432,46,51.05,2
350,10140,S18_4600,40,100.5,5
351,10140,S18_4668,29,40.25,9
352,10140,S24_2300,47,118.84,1
353,10140,S32_1268,26,87.64,3
354,10140,S32_3522,28,62.05,7
355,10140,S700_2824,36,101.15,6
356,10141,S12_4473,21,114.95,5
357,10141,S18_2238,39,160.46,4
358,10141,S18_2319,47,103.09,8
359,10141,S18_3232,34,143.94,9
360,10141,S24_1444,20,50.86,2
361,10141,S24_2840,21,32.18,6
362,10141,S24_4048,40,104.09,1
363,10141,S32_2509,24,53.03,7
364,10141,S50_1392,44,94.92,3
365,10142,S12_1108,33,166.24,12
366,10142,S12_3148,33,140.5,13
367,10142,S12_3891,46,167.83,11
368,10142,S18_3140,47,129.76,8
369,10142,S18_3259,22,95.8,10
370,10142,S18_4027,24,122.08,15
371,10142,S18_4522,24,79.87,7
372,10142,S24_2011,33,114.29,6
373,10142,S24_3151,49,74.35,1
374,10142,S32_3207,42,60.9,16
375,10142,S50_1514,42,56.24,14
376,10142,S700_1138,41,55.34,2
377,10142,S700_1938,43,77.08,9
378,10142,S700_3505,21,92.16,3
379,10142,S700_3962,38,91.37,4
380,10142,S72_3212,39,46.96,5
381,10143,S10_4757,49,133.28,15
382,10143,S18_1662,32,126.15,7
383,10143,S18_3029,46,70.54,13
384,10143,S18_3856,34,99.52,12
385,10143,S24_2841,27,63.71,8
386,10143,S24_3420,33,59.83,9
387,10143,S24_3816,23,74.64,14
388,10143,S24_3949,28,55.96,6
389,10143,S50_1341,34,34.91,1
390,10143,S700_1691,36,86.77,2
391,10143,S700_2047,26,87.8,11
392,10143,S700_2466,26,79.78,4
393,10143,S700_2610,31,69.39,16
394,10143,S700_3167,28,70.4,3
395,10143,S700_4002,34,65.15,5
396,10143,S72_1253,37,49.66,10
397,10144,S32_4289,20,56.41,1
398,10145,S10_1678,45,76.56,6
399,10145,S10_2016,37,104.67,9
400,10145,S10_4698,33,154.93,8
401,10145,S12_2823,49,146.1,5
402,10145,S18_2581,30,71.81,14
403,10145,S18_2625,30,52.7,10
404,10145,S24_1578,43,103.68,7
405,10145,S24_1785,40,87.54,16
406,10145,S24_2000,47,63.98,11
407,10145,S24_2360,27,56.1,3
408,10145,S24_4278,33,71.73,15
409,10145,S32_1374,33,99.89,12
410,10145,S32_2206,31,39.43,1
411,10145,S32_4485,27,95.93,4
412,10145,S50_4713,38,73.22,2
413,10145,S700_2834,20,113.9,13
414,10146,S18_3782,47,60.3,2
415,10146,S18_4721,29,130.94,1
416,10147,S12_1099,48,161.49,7
417,10147,S12_3380,31,110.39,5
418,10147,S12_3990,21,74.21,8
419,10147,S12_4675,33,97.89,4
420,10147,S18_1889,26,70.84,3
421,10147,S18_3278,36,74.78,10
422,10147,S18_3482,37,129.35,9
423,10147,S24_2972,25,33.23,1
424,10147,S24_3371,30,48.98,6
425,10147,S24_3856,23,123.58,2
426,10147,S24_4620,31,72.76,11
427,10148,S18_1129,23,114.65,13
428,10148,S18_1589,47,108.26,9
429,10148,S18_1984,25,136.56,12
430,10148,S18_2870,27,113.52,10
431,10148,S18_3232,32,143.94,14
432,10148,S18_3685,28,135.63,11
433,10148,S18_4409,34,83.75,1
434,10148,S18_4933,29,66.28,2
435,10148,S24_1046,25,65.41,6
436,10148,S24_1628,47,46.29,8
437,10148,S24_2766,21,77.24,4
438,10148,S24_2887,34,115.09,3
439,10148,S24_3191,31,71.91,5
440,10148,S24_3432,27,96.37,7
441,10149,S18_1342,50,87.33,4
442,10149,S18_1367,30,48.52,3
443,10149,S18_1749,34,156.4,11
444,10149,S18_2248,24,50.85,10
445,10149,S18_2325,33,125.86,8
446,10149,S18_2795,23,167.06,5
447,10149,S18_3320,42,89.29,2
448,10149,S24_1937,36,31.2,7
449,10149,S24_2022,49,39.87,6
450,10149,S24_3969,26,38.57,9
451,10149,S24_4258,20,90.57,1
452,10150,S10_1949,45,182.16,8
453,10150,S10_4962,20,121.15,1
454,10150,S12_1666,30,135.3,5
455,10150,S18_1097,34,95.67,7
456,10150,S18_2949,47,93.21,9
457,10150,S18_2957,30,56.21,11
458,10150,S18_3136,26,97.39,10
459,10150,S18_4600,49,111.39,2
460,10150,S18_4668,30,47.29,6
461,10150,S32_3522,49,62.05,4
462,10150,S700_2824,20,95.08,3
463,10151,S12_4473,24,114.95,3
464,10151,S18_2238,43,152.27,2
465,10151,S18_2319,49,106.78,6
466,10151,S18_2432,39,58.34,9
467,10151,S18_3232,21,167.65,7
468,10151,S24_2300,42,109.9,8
469,10151,S24_2840,30,29.35,4
470,10151,S32_1268,27,84.75,10
471,10151,S32_2509,41,43.29,5
472,10151,S50_1392,26,108.81,1
473,10152,S18_4027,35,117.77,1
474,10152,S24_1444,25,49.13,4
475,10152,S24_4048,23,112.37,3
476,10152,S32_3207,33,57.17,2
477,10153,S12_1108,20,201.57,11
478,10153,S12_3148,42,128.42,12
479,10153,S12_3891,49,155.72,10
480,10153,S18_3140,31,125.66,7
481,10153,S18_3259,29,82.69,9
482,10153,S18_4522,22,82.5,6
483,10153,S24_2011,40,111.83,5
484,10153,S50_1514,31,53.31,13
485,10153,S700_1138,43,58.0,1
486,10153,S700_1938,31,80.55,8
487,10153,S700_3505,50,87.15,2
488,10153,S700_3962,20,85.41,3
489,10153,S72_3212,50,51.87,4
490,10154,S24_3151,31,75.23,2
491,10154,S700_2610,36,59.27,1
492,10155,S10_4757,32,129.2,13
493,10155,S18_1662,38,138.77,5
494,10155,S18_3029,44,83.44,11
495,10155,S18_3856,29,105.87,10
496,10155,S24_2841,23,62.34,6
497,10155,S24_3420,34,56.55,7
498,10155,S24_3816,37,76.31,12
499,10155,S24_3949,44,58.69,4
500,10155,S700_2047,32,89.61,9
501,10155,S700_2466,20,87.75,2
502,10155,S700_3167,43,76.8,1
503,10155,S700_4002,44,70.33,3
504,10155,S72_1253,34,49.16,8
505,10156,S50_1341,20,43.64,1
506,10156,S700_1691,48,77.64,2
507,10157,S18_2581,33,69.27,3
508,10157,S24_1785,40,89.72,5
509,10157,S24_4278,33,66.65,4
510,10157,S32_1374,34,83.91,1
511,10157,S32_4289,28,56.41,6
512,10157,S700_2834,48,109.16,2
513,10158,S24_2000,22,67.79,1
514,10159,S10_1678,49,81.35,14
515,10159,S10_2016,37,101.1,17
516,10159,S10_4698,22,170.42,16
517,10159,S12_1099,41,188.73,2
518,10159,S12_2823,38,131.04,13
519,10159,S12_3990,24,67.03,3
520,10159,S18_2625,42,51.48,18
521,10159,S18_3278,21,66.74,5
522,10159,S18_3482,25,129.35,4
523,10159,S18_3782,21,54.71,8
524,10159,S18_4721,32,142.85,7
525,10159,S24_1578,44,100.3,15
526,10159,S24_2360,27,67.18,11
527,10159,S24_3371,50,49.6,1
528,10159,S24_4620,23,80.84,6
529,10159,S32_2206,35,39.43,9
530,10159,S32_4485,23,86.74,12
531,10159,S50_4713,31,78.11,10
532,10160,S12_3380,46,96.3,6
533,10160,S12_4675,50,93.28,5
534,10160,S18_1889,38,70.84,4
535,10160,S18_3232,20,140.55,1
536,10160,S24_2972,42,30.59,2
537,10160,S24_3856,35,130.6,3
538,10161,S18_1129,28,121.72,12
539,10161,S18_1589,43,102.04,8
540,10161,S18_1984,48,139.41,11
541,10161,S18_2870,23,125.4,9
542,10161,S18_3685,36,132.8,10
543,10161,S18_4933,25,62.72,1
544,10161,S24_1046,37,73.49,5
545,10161,S24_1628,23,47.29,7
546,10161,S24_2766,20,82.69,3
547,10161,S24_2887,25,108.04,2
548,10161,S24_3191,20,72.77,4
549,10161,S24_3432,30,94.23,6
550,10162,S18_1342,48,87.33,2
551,10162,S18_1367,45,45.28,1
552,10162,S18_1749,29,141.1,9
553,10162,S18_2248,27,53.28,8
554,10162,S18_2325,38,113.15,6
555,10162,S18_2795,48,156.94,3
556,10162,S18_4409,39,86.51,10
557,10162,S24_1937,37,27.55,5
558,10162,S24_2022,43,38.98,4
559,10162,S24_3969,37,32.82,7
560,10163,S10_1949,21,212.16,1
561,10163,S18_2949,31,101.31,2
562,10163,S18_2957,48,59.96,4
563,10163,S18_3136,40,101.58,3
564,10163,S18_3320,43,80.36,6
565,10163,S24_4258,42,96.42,5
566,10164,S10_4962,21,143.31,2
567,10164,S12_1666,49,121.64,6
568,10164,S18_1097,36,103.84,8
569,10164,S18_4600,45,107.76,3
570,10164,S18_4668,25,46.29,7
571,10164,S32_1268,24,91.49,1
572,10164,S32_3522,49,57.53,5
573,10164,S700_2824,39,86.99,4
574,10165,S12_1108,44,168.32,3
575,10165,S12_3148,34,123.89,4
576,10165,S12_3891,27,152.26,2
577,10165,S12_4473,48,109.02,12
578,10165,S18_2238,29,134.26,11
579,10165,S18_2319,46,120.28,15
580,10165,S18_2432,31,60.77,18
581,10165,S18_3232,47,154.1,16
582,10165,S18_3259,50,84.71,1
583,10165,S18_4027,28,123.51,6
584,10165,S24_1444,25,46.82,9
585,10165,S24_2300,32,117.57,17
586,10165,S24_2840,27,31.12,13
587,10165,S24_4048,24,106.45,8
588,10165,S32_2509,48,50.86,14
589,10165,S32_3207,44,55.3,7
590,10165,S50_1392,48,106.49,10
591,10165,S50_1514,38,49.21,5
592,10166,S18_3140,43,136.59,2
593,10166,S18_4522,26,72.85,1
594,10166,S700_1938,29,76.22,3
595,10167,S10_4757,44,123.76,9
596,10167,S18_1662,43,141.92,1
597,10167,S18_3029,46,69.68,7
598,10167,S18_3856,34,84.7,6
599,10167,S24_2011,33,110.6,16
600,10167,S24_2841,21,54.81,2
601,10167,S24_3151,20,77.0,11
602,10167,S24_3420,32,64.44,3
603,10167,S24_3816,29,73.8,8
604,10167,S700_1138,43,66.0,12
605,10167,S700_2047,29,87.8,5
606,10167,S700_2610,46,62.16,10
607,10167,S700_3505,24,85.14,13
608,10167,S700_3962,28,83.42,14
609,10167,S72_1253,40,42.71,4
610,10167,S72_3212,38,43.68,15
611,10168,S10_1678,36,94.74,1
612,10168,S10_2016,27,97.53,4
613,10168,S10_4698,20,160.74,3
614,10168,S18_2581,21,75.19,9
615,10168,S18_2625,46,49.06,5
616,10168,S24_1578,50,103.68,2
617,10168,S24_1785,49,93.01,11
618,10168,S24_2000,29,72.36,6
619,10168,S24_3949,27,57.32,18
620,10168,S24_4278,48,68.1,10
621,10168,S32_1374,28,89.9,7
622,10168,S32_4289,31,57.78,12
623,10168,S50_1341,48,39.71,13
624,10168,S700_1691,28,91.34,14
625,10168,S700_2466,31,87.75,16
626,10168,S700_2834,36,94.92,8
627,10168,S700_3167,48,72.0,15
628,10168,S700_4002,39,67.37,17
629,10169,S12_1099,30,163.44,2
630,10169,S12_2823,35,126.52,13
631,10169,S12_3990,36,71.82,3
632,10169,S18_3278,32,65.13,5
633,10169,S18_3482,36,136.7,4
634,10169,S18_3782,38,52.84,8
635,10169,S18_4721,33,120.53,7
636,10169,S24_2360,38,66.49,11
637,10169,S24_3371,34,53.27,1
638,10169,S24_4620,24,77.61,6
639,10169,S32_2206,26,37.01,9
640,10169,S32_4485,34,83.68,12
641,10169,S50_4713,48,75.66,10
642,10170,S12_3380,47,116.27,4
643,10170,S12_4675,41,93.28,3
644,10170,S18_1889,20,70.07,2
645,10170,S24_3856,34,130.6,1
646,10171,S18_1129,35,134.46,2
647,10171,S18_1984,35,128.03,1
648,10171,S18_3232,39,165.95,3
649,10171,S24_2972,36,34.74,4
650,10172,S18_1589,42,109.51,6
651,10172,S18_2870,39,117.48,7
652,10172,S18_3685,48,139.87,8
653,10172,S24_1046,32,61.0,3
654,10172,S24_1628,34,43.27,5
655,10172,S24_2766,22,79.97,1
656,10172,S24_3191,24,77.91,2
657,10172,S24_3432,22,87.81,4
658,10173,S18_1342,43,101.71,6
659,10173,S18_1367,48,51.75,5
660,10173,S18_1749,24,168.3,13
661,10173,S18_2248,26,55.09,12
662,10173,S18_2325,31,127.13,10
663,10173,S18_2795,22,140.06,7
664,10173,S18_2957,28,56.84,2
665,10173,S18_3136,31,86.92,1
666,10173,S18_3320,29,90.28,4
667,10173,S18_4409,21,77.31,14
668,10173,S18_4933,39,58.44,15
669,10173,S24_1937,31,29.87,9
670,10173,S24_2022,27,39.42,8
671,10173,S24_2887,23,98.65,16
672,10173,S24_3969,35,35.7,11
673,10173,S24_4258,22,93.49,3
674,10174,S10_1949,34,207.87,4
675,10174,S12_1666,43,113.44,1
676,10174,S18_1097,48,108.5,3
677,10174,S18_2949,46,100.3,5
678,10174,S18_4668,49,44.27,2
679,10175,S10_4962,33,119.67,9
680,10175,S12_4473,26,109.02,1
681,10175,S18_2319,48,101.87,4
682,10175,S18_2432,41,59.55,7
683,10175,S18_3232,29,150.71,5
684,10175,S18_4600,47,102.92,10
685,10175,S24_2300,28,121.4,6
686,10175,S24_2840,37,32.18,2
687,10175,S32_1268,22,89.57,8
688,10175,S32_2509,50,50.86,3
689,10175,S32_3522,29,56.24,12
690,10175,S700_2824,42,80.92,11
691,10176,S12_1108,33,166.24,2
692,10176,S12_3148,47,145.04,3
693,10176,S12_3891,50,160.91,1
694,10176,S18_2238,20,139.17,10
695,10176,S18_4027,36,140.75,5
696,10176,S24_1444,27,55.49,8
697,10176,S24_4048,29,101.72,7
698,10176,S32_3207,22,62.14,6
699,10176,S50_1392,23,109.96,9
700,10176,S50_1514,38,52.14,4
701,10177,S18_3140,23,113.37,9
702,10177,S18_3259,29,92.77,11
703,10177,S18_4522,35,82.5,8
704,10177,S24_2011,50,115.52,7
705,10177,S24_3151,45,79.66,2
706,10177,S700_1138,24,58.67,3
707,10177,S700_1938,31,77.95,10
708,10177,S700_2610,32,64.33,1
709,10177,S700_3505,44,88.15,4
710,10177,S700_3962,24,83.42,5
711,10177,S72_3212,40,52.96,6
712,10178,S10_4757,24,131.92,12
713,10178,S18_1662,42,127.73,4
714,10178,S18_3029,41,70.54,10
715,10178,S18_3856,48,104.81,9
716,10178,S24_2841,34,67.82,5
717,10178,S24_3420,27,65.75,6
718,10178,S24_3816,21,68.77,11
719,10178,S24_3949,30,64.15,3
720,10178,S700_2047,34,86.9,8
721,10178,S700_2466,22,91.74,1
722,10178,S700_4002,45,68.11,2
723,10178,S72_1253,45,41.71,7
724,10179,S18_2581,24,82.79,3
725,10179,S24_1785,47,105.04,5
726,10179,S24_4278,27,66.65,4
727,10179,S32_1374,45,86.9,1
728,10179,S32_4289,24,63.97,6
729,10179,S50_1341,34,43.2,7
730,10179,S700_1691,23,75.81,8
731,10179,S700_2834,25,98.48,2
732,10179,S700_3167,39,80.0,9
733,10180,S10_1678,29,76.56,9
734,10180,S10_2016,42,99.91,12
735,10180,S10_4698,41,164.61,11
736,10180,S12_2823,40,131.04,8
737,10180,S18_2625,25,48.46,13
738,10180,S18_3782,21,59.06,3
739,10180,S18_4721,44,147.31,2
740,10180,S24_1578,48,98.05,10
741,10180,S24_2000,28,61.7,14
742,10180,S24_2360,35,60.95,6
743,10180,S24_4620,28,68.71,1
744,10180,S32_2206,34,33.39,4
745,10180,S32_4485,22,102.05,7
746,10180,S50_4713,21,74.85,5
747,10181,S12_1099,27,155.66,14
748,10181,S12_3380,28,113.92,12
749,10181,S12_3990,20,67.03,15
750,10181,S12_4675,36,107.1,11
751,10181,S18_1129,44,124.56,6
752,10181,S18_1589,42,124.44,2
753,10181,S18_1889,22,74.69,10
754,10181,S18_1984,21,129.45,5
755,10181,S18_2870,27,130.68,3
756,10181,S18_3232,45,147.33,7
757,10181,S18_3278,30,73.17,17
758,10181,S18_3482,22,120.53,16
759,10181,S18_3685,39,137.04,4
760,10181,S24_1628,34,45.28,1
761,10181,S24_2972,37,32.85,8
762,10181,S24_3371,23,54.49,13
763,10181,S24_3856,25,122.17,9
764,10182,S18_1342,25,83.22,3
765,10182,S18_1367,32,44.21,2
766,10182,S18_1749,44,159.8,10
767,10182,S18_2248,38,54.49,9
768,10182,S18_2325,20,105.52,7
769,10182,S18_2795,21,135.0,4
770,10182,S18_3320,33,86.31,1
771,10182,S18_4409,36,88.35,11
772,10182,S18_4933,44,61.29,12
773,10182,S24_1046,47,63.2,16
774,10182,S24_1937,39,31.86,6
775,10182,S24_2022,31,39.87,5
776,10182,S24_2766,36,87.24,14
777,10182,S24_2887,20,116.27,13
778,10182,S24_3191,33,73.62,15
779,10182,S24_3432,49,95.3,17
780,10182,S24_3969,23,34.88,8
781,10183,S10_1949,23,180.01,8
782,10183,S10_4962,28,127.06,1
783,10183,S12_1666,41,114.8,5
784,10183,S18_1097,21,108.5,7
785,10183,S18_2949,37,91.18,9
786,10183,S18_2957,39,51.22,11
787,10183,S18_3136,22,90.06,10
788,10183,S18_4600,21,118.66,2
789,10183,S18_4668,40,42.26,6
790,10183,S24_4258,47,81.81,12
791,10183,S32_3522,49,52.36,4
792,10183,S700_2824,23,85.98,3
793,10184,S12_4473,37,105.47,6
794,10184,S18_2238,46,145.72,5
795,10184,S18_2319,46,119.05,9
796,10184,S18_2432,44,60.77,12
797,10184,S18_3232,28,165.95,10
798,10184,S24_1444,31,57.22,3
799,10184,S24_2300,24,117.57,11
800,10184,S24_2840,42,30.06,7
801,10184,S24_4048,49,114.73,2
802,10184,S32_1268,46,84.75,13
803,10184,S32_2509,33,52.49,8
804,10184,S32_3207,48,59.03,1
805,10184,S50_1392,45,92.6,4
806,10185,S12_1108,21,195.33,13
807,10185,S12_3148,33,146.55,14
808,10185,S12_3891,43,147.07,12
809,10185,S18_3140,28,124.3,9
810,10185,S18_3259,49,94.79,11
811,10185,S18_4027,39,127.82,16
812,10185,S18_4522,47,87.77,8
813,10185,S24_2011,30,105.69,7
814,10185,S24_3151,33,83.2,2
815,10185,S50_1514,20,46.86,15
816,10185,S700_1138,21,64.67,3
817,10185,S700_1938,30,79.68,10
818,10185,S700_2610,39,61.44,1
819,10185,S700_3505,37,99.17,4
820,10185,S700_3962,22,93.35,5
821,10185,S72_3212,28,47.5,6
822,10186,S10_4757,26,108.8,9
823,10186,S18_1662,32,137.19,1
824,10186,S18_3029,32,73.12,7
825,10186,S18_3856,46,98.46,6
826,10186,S24_2841,22,60.29,2
827,10186,S24_3420,21,59.83,3
828,10186,S24_3816,36,68.77,8
829,10186,S700_2047,24,80.56,5
830,10186,S72_1253,28,42.71,4
831,10187,S18_2581,45,70.12,1
832,10187,S24_1785,46,96.29,3
833,10187,S24_3949,43,55.96,10
834,10187,S24_4278,33,64.48,2
835,10187,S32_4289,31,61.22,4
836,10187,S50_1341,41,39.71,5
837,10187,S700_1691,34,84.95,6
838,10187,S700_2466,44,95.73,8
839,10187,S700_3167,34,72.0,7
840,10187,S700_4002,44,70.33,9
841,10188,S10_1678,48,95.7,1
842,10188,S10_2016,38,111.8,4
843,10188,S10_4698,45,182.04,3
844,10188,S18_2625,32,52.09,5
845,10188,S24_1578,25,95.8,2
846,10188,S24_2000,40,61.7,6
847,10188,S32_1374,44,81.91,7
848,10188,S700_2834,29,96.11,8
849,10189,S12_2823,28,138.57,1
850,10190,S24_2360,42,58.87,3
851,10190,S32_2206,46,38.62,1
852,10190,S32_4485,42,89.8,4
853,10190,S50_4713,40,67.53,2
854,10191,S12_1099,21,155.66,3
855,10191,S12_3380,40,104.52,1
856,10191,S12_3990,30,70.22,4
857,10191,S18_3278,36,75.59,6
858,10191,S18_3482,23,119.06,5
859,10191,S18_3782,43,60.93,9
860,10191,S18_4721,32,136.9,8
861,10191,S24_3371,48,53.27,2
862,10191,S24_4620,44,77.61,7
863,10192,S12_4675,27,99.04,16
864,10192,S18_1129,22,140.12,11
865,10192,S18_1589,29,100.8,7
866,10192,S18_1889,45,70.84,15
867,10192,S18_1984,47,128.03,10
868,10192,S18_2870,38,110.88,8
869,10192,S18_3232,26,137.17,12
870,10192,S18_3685,45,125.74,9
871,10192,S24_1046,37,72.02,4
872,10192,S24_1628,47,49.3,6
873,10192,S24_2766,46,86.33,2
874,10192,S24_2887,23,112.74,1
875,10192,S24_2972,30,33.23,13
876,10192,S24_3191,32,69.34,3
877,10192,S24_3432,46,93.16,5
878,10192,S24_3856,45,112.34,14
879,10193,S18_1342,28,92.47,7
880,10193,S18_1367,46,46.36,6
881,10193,S18_1749,21,153.0,14
882,10193,S18_2248,42,60.54,13
883,10193,S18_2325,44,115.69,11
884,10193,S18_2795,22,143.44,8
885,10193,S18_2949,28,87.13,1
886,10193,S18_2957,24,53.09,3
887,10193,S18_3136,23,97.39,2
888,10193,S18_3320,32,79.37,5
889,10193,S18_4409,24,92.03,15
890,10193,S18_4933,25,66.28,16
891,10193,S24_1937,26,32.19,10
892,10193,S24_2022,20,44.8,9
893,10193,S24_3969,22,38.16,12
894,10193,S24_4258,20,92.52,4
895,10194,S10_1949,42,203.59,11
896,10194,S10_4962,26,134.44,4
897,10194,S12_1666,38,124.37,8
898,10194,S18_1097,21,103.84,10
899,10194,S18_2432,45,51.05,2
900,10194,S18_4600,32,113.82,5
901,10194,S18_4668,41,47.79,9
902,10194,S24_2300,49,112.46,1
903,10194,S32_1268,37,77.05,3
904,10194,S32_3522,39,61.41,7
905,10194,S700_2824,26,80.92,6
906,10195,S12_4473,49,118.5,6
907,10195,S18_2238,27,139.17,5
908,10195,S18_2319,35,112.91,9
909,10195,S18_3232,50,150.71,10
910,10195,S24_1444,44,54.33,3
911,10195,S24_2840,32,31.82,7
912,10195,S24_4048,34,95.81,2
913,10195,S32_2509,32,51.95,8
914,10195,S32_3207,33,59.03,1
915,10195,S50_1392,49,97.23,4
916,10196,S12_1108,47,203.64,5
917,10196,S12_3148,24,151.08,6
918,10196,S12_3891,38,147.07,4
919,10196,S18_3140,49,127.03,1
920,10196,S18_3259,35,81.68,3
921,10196,S18_4027,27,126.39,8
922,10196,S50_1514,46,56.82,7
923,10196,S700_1938,50,84.88,2
924,10197,S10_4757,45,118.32,6
925,10197,S18_3029,46,83.44,4
926,10197,S18_3856,22,85.75,3
927,10197,S18_4522,50,78.99,14
928,10197,S24_2011,41,109.37,13
929,10197,S24_3151,47,83.2,8
930,10197,S24_3816,22,67.93,5
931,10197,S700_1138,23,60.0,9
932,10197,S700_2047,24,78.75,2
933,10197,S700_2610,50,66.5,7
934,10197,S700_3505,27,100.17,10
935,10197,S700_3962,35,88.39,11
936,10197,S72_1253,29,39.73,1
937,10197,S72_3212,42,48.59,12
938,10198,S18_1662,42,149.81,4
939,10198,S24_2841,48,60.97,5
940,10198,S24_3420,27,61.81,6
941,10198,S24_3949,43,65.51,3
942,10198,S700_2466,42,94.73,1
943,10198,S700_4002,40,74.03,2
944,10199,S50_1341,29,37.97,1
945,10199,S700_1691,48,81.29,2
946,10199,S700_3167,38,70.4,3
947,10200,S18_2581,28,74.34,3
948,10200,S24_1785,33,99.57,5
949,10200,S24_4278,39,70.28,4
950,10200,S32_1374,35,80.91,1
951,10200,S32_4289,27,65.35,6
952,10200,S700_2834,39,115.09,2
953,10201,S10_1678,22,82.3,2
954,10201,S10_2016,24,116.56,5
955,10201,S10_4698,49,191.72,4
956,10201,S12_2823,25,126.52,1
957,10201,S18_2625,30,48.46,6
958,10201,S24_1578,39,93.54,3
959,10201,S24_2000,25,66.27,7
960,10202,S18_3782,30,55.33,3
961,10202,S18_4721,43,124.99,2
962,10202,S24_2360,50,56.1,6
963,10202,S24_4620,50,75.18,1
964,10202,S32_2206,27,33.39,4
965,10202,S32_4485,31,81.64,7
966,10202,S50_4713,40,79.73,5
967,10203,S12_1099,20,161.49,8
968,10203,S12_3380,20,111.57,6
969,10203,S12_3990,44,63.84,9
970,10203,S12_4675,47,115.16,5
971,10203,S18_1889,45,73.15,4
972,10203,S18_3232,48,157.49,1
973,10203,S18_3278,33,66.74,11
974,10203,S18_3482,32,127.88,10
975,10203,S24_2972,21,33.23,2
976,10203,S24_3371,34,56.94,7
977,10203,S24_3856,47,140.43,3
978,10204,S18_1129,42,114.65,17
979,10204,S18_1589,40,113.24,13
980,10204,S18_1749,33,153.0,4
981,10204,S18_1984,38,133.72,16
982,10204,S18_2248,23,59.33,3
983,10204,S18_2325,26,119.5,1
984,10204,S18_2870,27,106.92,14
985,10204,S18_3685,35,132.8,15
986,10204,S18_4409,29,83.75,5
987,10204,S18_4933,45,69.84,6
988,10204,S24_1046,20,69.82,10
989,10204,S24_1628,45,46.79,12
990,10204,S24_2766,47,79.06,8
991,10204,S24_2887,42,112.74,7
992,10204,S24_3191,40,84.75,9
993,10204,S24_3432,48,104.94,11
994,10204,S24_3969,39,34.88,2
995,10205,S18_1342,36,98.63,2
996,10205,S18_1367,48,45.82,1
997,10205,S18_2795,40,138.38,3
998,10205,S24_1937,32,27.88,5
999,10205,S24_2022,24,36.74,4
1000,10206,S10_1949,47,203.59,6
1001,10206,S12_1666,28,109.34,3
1002,10206,S18_1097,34,115.5,5
1003,10206,S18_2949,37,98.27,7
1004,10206,S18_2957,28,51.84,9
1005,10206,S18_3136,30,102.63,8
1006,10206,S18_3320,28,99.21,11
1007,10206,S18_4668,21,45.78,4
1008,10206,S24_4258,33,95.44,10
1009,10206,S32_3522,36,54.94,2
1010,10206,S700_2824,33,89.01,1
1011,10207,S10_4962,31,125.58,15
1012,10207,S12_4473,34,95.99,7
1013,10207,S18_2238,44,140.81,6
1014,10207,S18_2319,43,109.23,10
1015,10207,S18_2432,37,60.77,13
1016,10207,S18_3232,25,140.55,11
1017,10207,S18_4027,40,143.62,1
1018,10207,S18_4600,47,119.87,16
1019,10207,S24_1444,49,57.8,4
1020,10207,S24_2300,46,127.79,12
1021,10207,S24_2840,42,30.76,8
1022,10207,S24_4048,28,108.82,3
1023,10207,S32_1268,49,84.75,14
1024,10207,S32_2509,27,51.95,9
1025,10207,S32_3207,45,55.3,2
1026,10207,S50_1392,28,106.49,5
1027,10208,S12_1108,46,176.63,13
1028,10208,S12_3148,26,128.42,14
1029,10208,S12_3891,20,152.26,12
1030,10208,S18_3140,24,117.47,9
1031,10208,S18_3259,48,96.81,11
1032,10208,S18_4522,45,72.85,8
1033,10208,S24_2011,35,122.89,7
1034,10208,S24_3151,20,80.54,2
1035,10208,S50_1514,30,57.99,15
1036,10208,S700_1138,38,56.67,3
1037,10208,S700_1938,40,73.62,10
1038,10208,S700_2610,46,63.61,1
1039,10208,S700_3505,37,95.16,4
1040,10208,S700_3962,33,95.34,5
1041,10208,S72_3212,42,48.05,6
1042,10209,S10_4757,39,129.2,8
1043,10209,S18_3029,28,82.58,6
1044,10209,S18_3856,20,97.4,5
1045,10209,S24_2841,43,66.45,1
1046,10209,S24_3420,36,56.55,2
1047,10209,S24_3816,22,79.67,7
1048,10209,S700_2047,33,90.52,4
1049,10209,S72_1253,48,44.2,3
1050,10210,S10_2016,23,112.99,2
1051,10210,S10_4698,34,189.79,1
1052,10210,S18_1662,31,141.92,17
1053,10210,S18_2581,50,68.43,7
1054,10210,S18_2625,40,51.48,3
1055,10210,S24_1785,27,100.67,9
1056,10210,S24_2000,30,63.22,4
1057,10210,S24_3949,29,56.64,16
1058,10210,S24_4278,40,68.1,8
1059,10210,S32_1374,46,84.91,5
1060,10210,S32_4289,39,57.1,10
1061,10210,S50_1341,43,43.2,11
1062,10210,S700_1691,21,87.69,12
1063,10210,S700_2466,26,93.74,14
1064,10210,S700_2834,25,98.48,6
1065,10210,S700_3167,31,64.0,13
1066,10210,S700_4002,42,60.7,15
1067,10211,S10_1678,41,90.92,14
1068,10211,S12_1099,41,171.22,2
1069,10211,S12_2823,36,126.52,13
1070,10211,S12_3990,28,79.8,3
1071,10211,S18_3278,35,73.17,5
1072,10211,S18_3482,28,138.17,4
1073,10211,S18_3782,46,60.3,8
1074,10211,S18_4721,41,148.8,7
1075,10211,S24_1578,25,109.32,15
1076,10211,S24_2360,21,62.33,11
1077,10211,S24_3371,48,52.66,1
1078,10211,S24_4620,22,80.84,6
1079,10211,S32_2206,41,39.83,9
1080,10211,S32_4485,37,94.91,12
1081,10211,S50_4713,40,70.78,10
1082,10212,S12_3380,39,99.82,16
1083,10212,S12_4675,33,110.55,15
1084,10212,S18_1129,29,117.48,10
1085,10212,S18_1589,38,105.77,6
1086,10212,S18_1889,20,64.68,14
1087,10212,S18_1984,41,133.72,9
1088,10212,S18_2870,40,117.48,7
1089,10212,S18_3232,40,155.79,11
1090,10212,S18_3685,45,115.85,8
1091,10212,S24_1046,41,61.73,3
1092,10212,S24_1628,45,43.27,5
1093,10212,S24_2766,45,81.78,1
1094,10212,S24_2972,34,37.38,12
1095,10212,S24_3191,27,77.91,2
1096,10212,S24_3432,46,100.66,4
1097,10212,S24_3856,49,117.96,13
1098,10213,S18_4409,38,84.67,1
1099,10213,S18_4933,25,58.44,2
1100,10213,S24_2887,27,97.48,3
1101,10214,S18_1749,30,166.6,7
1102,10214,S18_2248,21,53.28,6
1103,10214,S18_2325,27,125.86,4
1104,10214,S18_2795,50,167.06,1
1105,10214,S24_1937,20,32.19,3
1106,10214,S24_2022,49,39.87,2
1107,10214,S24_3969,44,38.57,5
1108,10215,S10_1949,35,205.73,3
1109,10215,S18_1097,46,100.34,2
1110,10215,S18_1342,27,92.47,10
1111,10215,S18_1367,33,53.91,9
1112,10215,S18_2949,49,97.26,4
1113,10215,S18_2957,31,56.21,6
1114,10215,S18_3136,49,89.01,5
1115,10215,S18_3320,41,84.33,8
1116,10215,S18_4668,46,42.76,1
1117,10215,S24_4258,39,94.47,7
1118,10216,S12_1666,43,133.94,1
1119,10217,S10_4962,48,132.97,4
1120,10217,S18_2432,35,58.34,2
1121,10217,S18_4600,38,118.66,5
1122,10217,S24_2300,28,103.51,1
1123,10217,S32_1268,21,78.97,3
1124,10217,S32_3522,39,56.24,7
1125,10217,S700_2824,31,90.02,6
1126,10218,S18_2319,22,110.46,1
1127,10218,S18_3232,34,152.41,2
1128,10219,S12_4473,48,94.8,2
1129,10219,S18_2238,43,132.62,1
1130,10219,S24_2840,21,31.12,3
1131,10219,S32_2509,35,47.62,4
1132,10220,S12_1108,32,189.1,2
1133,10220,S12_3148,30,151.08,3
1134,10220,S12_3891,27,166.1,1
1135,10220,S18_4027,50,126.39,5
1136,10220,S24_1444,26,48.55,8
1137,10220,S24_4048,37,101.72,7
1138,10220,S32_3207,20,49.71,6
1139,10220,S50_1392,37,92.6,9
1140,10220,S50_1514,30,56.82,4
1141,10221,S18_3140,33,133.86,3
1142,10221,S18_3259,23,89.75,5
1143,10221,S18_4522,39,84.26,2
1144,10221,S24_2011,49,113.06,1
1145,10221,S700_1938,23,69.29,4
1146,10222,S10_4757,49,133.28,12
1147,10222,S18_1662,49,137.19,4
1148,10222,S18_3029,49,79.14,10
1149,10222,S18_3856,45,88.93,9
1150,10222,S24_2841,32,56.86,5
1151,10222,S24_3151,47,74.35,14
1152,10222,S24_3420,43,61.15,6
1153,10222,S24_3816,46,77.99,11
1154,10222,S24_3949,48,55.27,3
1155,10222,S700_1138,31,58.67,15
1156,10222,S700_2047,26,80.56,8
1157,10222,S700_2466,37,90.75,1
1158,10222,S700_2610,36,69.39,13
1159,10222,S700_3505,38,84.14,16
1160,10222,S700_3962,31,81.43,17
1161,10222,S700_4002,43,66.63,2
1162,10222,S72_1253,31,45.19,7
1163,10222,S72_3212,36,48.59,18
1164,10223,S10_1678,37,80.39,1
1165,10223,S10_2016,47,110.61,4
1166,10223,S10_4698,49,189.79,3
1167,10223,S18_2581,47,67.58,9
1168,10223,S18_2625,28,58.75,5
1169,10223,S24_1578,32,104.81,2
1170,10223,S24_1785,34,87.54,11
1171,10223,S24_2000,38,60.94,6
1172,10223,S24_4278,23,68.1,10
1173,10223,S32_1374,21,90.9,7
1174,10223,S32_4289,20,66.73,12
1175,10223,S50_1341,41,41.02,13
1176,10223,S700_1691,25,84.03,14
1177,10223,S700_2834,29,113.9,8
1178,10223,S700_3167,26,79.2,15
1179,10224,S12_2823,43,141.58,6
1180,10224,S18_3782,38,57.2,1
1181,10224,S24_2360,37,60.26,4
1182,10224,S32_2206,43,37.01,2
1183,10224,S32_4485,30,94.91,5
1184,10224,S50_4713,50,81.36,3
1185,10225,S12_1099,27,157.6,9
1186,10225,S12_3380,25,101.0,7
1187,10225,S12_3990,37,64.64,10
1188,10225,S12_4675,21,100.19,6
1189,10225,S18_1129,32,116.06,1
1190,10225,S18_1889,47,71.61,5
1191,10225,S18_3232,43,162.57,2
1192,10225,S18_3278,37,69.96,12
1193,10225,S18_3482,27,119.06,11
1194,10225,S18_4721,35,135.41,14
1195,10225,S24_2972,42,34.74,3
1196,10225,S24_3371,24,51.43,8
1197,10225,S24_3856,40,130.6,4
1198,10225,S24_4620,46,77.61,13
1199,10226,S18_1589,38,108.26,4
1200,10226,S18_1984,24,129.45,7
1201,10226,S18_2870,24,125.4,5
1202,10226,S18_3685,46,122.91,6
1203,10226,S24_1046,21,65.41,1
1204,10226,S24_1628,36,47.79,3
1205,10226,S24_3432,48,95.3,2
1206,10227,S18_1342,25,85.27,3
1207,10227,S18_1367,31,50.14,2
1208,10227,S18_1749,26,136.0,10
1209,10227,S18_2248,28,59.93,9
1210,10227,S18_2325,46,118.23,7
1211,10227,S18_2795,29,146.81,4
1212,10227,S18_3320,33,99.21,1
1213,10227,S18_4409,34,87.43,11
1214,10227,S18_4933,37,70.56,12
1215,10227,S24_1937,42,27.22,6
1216,10227,S24_2022,24,39.42,5
1217,10227,S24_2766,47,84.51,14
1218,10227,S24_2887,33,102.17,13
1219,10227,S24_3191,40,78.76,15
1220,10227,S24_3969,27,34.88,8
1221,10228,S10_1949,29,214.3,2
1222,10228,S18_1097,32,100.34,1
1223,10228,S18_2949,24,101.31,3
1224,10228,S18_2957,45,57.46,5
1225,10228,S18_3136,31,100.53,4
1226,10228,S24_4258,33,84.73,6
1227,10229,S10_4962,50,138.88,9
1228,10229,S12_1666,25,110.7,13
1229,10229,S12_4473,36,95.99,1
1230,10229,S18_2319,26,104.32,4
1231,10229,S18_2432,28,53.48,7
1232,10229,S18_3232,22,157.49,5
1233,10229,S18_4600,41,119.87,10
1234,10229,S18_4668,39,43.77,14
1235,10229,S24_2300,48,115.01,6
1236,10229,S24_2840,33,34.65,2
1237,10229,S32_1268,25,78.97,8
1238,10229,S32_2509,23,49.78,3
1239,10229,S32_3522,30,52.36,12
1240,10229,S700_2824,50,91.04,11
1241,10230,S12_3148,43,128.42,1
1242,10230,S18_2238,49,153.91,8
1243,10230,S18_4027,42,142.18,3
1244,10230,S24_1444,36,47.4,6
1245,10230,S24_4048,45,99.36,5
1246,10230,S32_3207,46,59.03,4
1247,10230,S50_1392,34,100.7,7
1248,10230,S50_1514,43,57.41,2
1249,10231,S12_1108,42,193.25,2
1250,10231,S12_3891,49,147.07,1
1251,10232,S18_3140,22,133.86,6
1252,10232,S18_3259,48,97.81,8
1253,10232,S18_4522,23,78.12,5
1254,10232,S24_2011,46,113.06,4
1255,10232,S700_1938,26,84.88,7
1256,10232,S700_3505,48,86.15,1
1257,10232,S700_3962,35,81.43,2
1258,10232,S72_3212,24,48.59,3
1259,10233,S24_3151,40,70.81,2
1260,10233,S700_1138,36,66.0,3
1261,10233,S700_2610,29,67.94,1
1262,10234,S10_4757,48,118.32,9
1263,10234,S18_1662,50,146.65,1
1264,10234,S18_3029,48,84.3,7
1265,10234,S18_3856,39,85.75,6
1266,10234,S24_2841,44,67.14,2
1267,10234,S24_3420,25,65.09,3
1268,10234,S24_3816,31,78.83,8
1269,10234,S700_2047,29,83.28,5
1270,10234,S72_1253,40,45.69,4
1271,10235,S18_2581,24,81.95,3
1272,10235,S24_1785,23,89.72,5
1273,10235,S24_3949,33,55.27,12
1274,10235,S24_4278,40,63.03,4
1275,10235,S32_1374,41,90.9,1
1276,10235,S32_4289,34,66.73,6
1277,10235,S50_1341,41,37.09,7
1278,10235,S700_1691,25,88.6,8
1279,10235,S700_2466,38,92.74,10
1280,10235,S700_2834,25,116.28,2
1281,10235,S700_3167,32,73.6,9
1282,10235,S700_4002,34,70.33,11
1283,10236,S10_2016,22,105.86,1
1284,10236,S18_2625,23,52.7,2
1285,10236,S24_2000,36,65.51,3
1286,10237,S10_1678,23,91.87,7
1287,10237,S10_4698,39,158.8,9
1288,10237,S12_2823,32,129.53,6
1289,10237,S18_3782,26,49.74,1
1290,10237,S24_1578,20,109.32,8
1291,10237,S24_2360,26,62.33,4
1292,10237,S32_2206,26,35.0,2
1293,10237,S32_4485,27,94.91,5
1294,10237,S50_4713,20,78.92,3
1295,10238,S12_1099,28,161.49,3
1296,10238,S12_3380,29,104.52,1
1297,10238,S12_3990,20,73.42,4
1298,10238,S18_3278,41,68.35,6
1299,10238,S18_3482,49,144.05,5
1300,10238,S18_4721,44,120.53,8
1301,10238,S24_3371,47,53.88,2
1302,10238,S24_4620,22,67.91,7
1303,10239,S12_4675,21,100.19,5
1304,10239,S18_1889,46,70.07,4
1305,10239,S18_3232,47,135.47,1
1306,10239,S24_2972,20,32.47,2
1307,10239,S24_3856,29,133.41,3
1308,10240,S18_1129,41,125.97,3
1309,10240,S18_1984,37,136.56,2
1310,10240,S18_3685,37,134.22,1
1311,10241,S18_1589,21,119.46,11
1312,10241,S18_1749,41,153.0,2
1313,10241,S18_2248,33,55.7,1
1314,10241,S18_2870,44,126.72,12
1315,10241,S18_4409,42,77.31,3
1316,10241,S18_4933,30,62.72,4
1317,10241,S24_1046,22,72.02,8
1318,10241,S24_1628,21,47.29,10
1319,10241,S24_2766,47,89.05,6
1320,10241,S24_2887,28,117.44,5
1321,10241,S24_3191,26,69.34,7
1322,10241,S24_3432,27,107.08,9
1323,10242,S24_3969,46,36.52,1
1324,10243,S18_2325,47,111.87,2
1325,10243,S24_1937,33,30.87,1
1326,10244,S18_1342,40,99.66,7
1327,10244,S18_1367,20,48.52,6
1328,10244,S18_2795,43,141.75,8
1329,10244,S18_2949,30,87.13,1
1330,10244,S18_2957,24,54.96,3
1331,10244,S18_3136,29,85.87,2
1332,10244,S18_3320,36,87.3,5
1333,10244,S24_2022,39,42.11,9
1334,10244,S24_4258,40,97.39,4
1335,10245,S10_1949,34,195.01,9
1336,10245,S10_4962,28,147.74,2
1337,10245,S12_1666,38,120.27,6
1338,10245,S18_1097,29,114.34,8
1339,10245,S18_4600,21,111.39,3
1340,10245,S18_4668,45,48.8,7
1341,10245,S32_1268,37,81.86,1
1342,10245,S32_3522,44,54.94,5
1343,10245,S700_2824,44,81.93,4
1344,10246,S12_4473,46,99.54,5
1345,10246,S18_2238,40,144.08,4
1346,10246,S18_2319,22,100.64,8
1347,10246,S18_2432,30,57.73,11
1348,10246,S18_3232,36,145.63,9
1349,10246,S24_1444,44,46.24,2
1350,10246,S24_2300,29,118.84,10
1351,10246,S24_2840,49,34.65,6
1352,10246,S24_4048,46,100.54,1
1353,10246,S32_2509,35,45.45,7
1354,10246,S50_1392,22,113.44,3
1355,10247,S12_1108,44,195.33,2
1356,10247,S12_3148,25,140.5,3
1357,10247,S12_3891,27,167.83,1
1358,10247,S18_4027,48,143.62,5
1359,10247,S32_3207,40,58.41,6
1360,10247,S50_1514,49,51.55,4
1361,10248,S10_4757,20,126.48,3
1362,10248,S18_3029,21,80.86,1
1363,10248,S18_3140,32,133.86,12
1364,10248,S18_3259,42,95.8,14
1365,10248,S18_4522,42,87.77,11
1366,10248,S24_2011,48,122.89,10
1367,10248,S24_3151,30,85.85,5
1368,10248,S24_3816,23,83.02,2
1369,10248,S700_1138,36,66.0,6
1370,10248,S700_1938,40,81.41,13
1371,10248,S700_2610,32,69.39,4
1372,10248,S700_3505,30,84.14,7
1373,10248,S700_3962,35,92.36,8
1374,10248,S72_3212,23,53.51,9
1375,10249,S18_3856,46,88.93,5
1376,10249,S24_2841,20,54.81,1
1377,10249,S24_3420,25,65.75,2
1378,10249,S700_2047,40,85.99,4
1379,10249,S72_1253,32,49.16,3
1380,10250,S18_1662,45,148.23,14
1381,10250,S18_2581,27,84.48,4
1382,10250,S24_1785,31,95.2,6
1383,10250,S24_2000,32,63.22,1
1384,10250,S24_3949,40,61.42,13
1385,10250,S24_4278,37,72.45,5
1386,10250,S32_1374,31,99.89,2
1387,10250,S32_4289,50,62.6,7
1388,10250,S50_1341,36,36.66,8
1389,10250,S700_1691,31,91.34,9
1390,10250,S700_2466,35,90.75,11
1391,10250,S700_2834,44,98.48,3
1392,10250,S700_3167,44,76.0,10
1393,10250,S700_4002,38,65.89,12
1394,10251,S10_1678,59,93.79,2
1395,10251,S10_2016,44,115.37,5
1396,10251,S10_4698,43,172.36,4
1397,10251,S12_2823,46,129.53,1
1398,10251,S18_2625,44,58.15,6
1399,10251,S24_1578,50,91.29,3
1400,10252,S18_3278,20,74.78,2
1401,10252,S18_3482,41,145.52,1
1402,10252,S18_3782,31,50.36,5
1403,10252,S18_4721,26,127.97,4
1404,10252,S24_2360,47,63.03,8
1405,10252,S24_4620,38,69.52,3
1406,10252,S32_2206,36,36.21,6
1407,10252,S32_4485,25,93.89,9
1408,10252,S50_4713,48,72.41,7
1409,10253,S12_1099,24,157.6,13
1410,10253,S12_3380,22,102.17,11
1411,10253,S12_3990,25,67.03,14
1412,10253,S12_4675,41,109.4,10
1413,10253,S18_1129,26,130.22,5
1414,10253,S18_1589,24,103.29,1
1415,10253,S18_1889,23,67.76,9
1416,10253,S18_1984,33,130.87,4
1417,10253,S18_2870,37,114.84,2
1418,10253,S18_3232,40,145.63,6
1419,10253,S18_3685,31,139.87,3
1420,10253,S24_2972,40,34.74,7
1421,10253,S24_3371,24,50.82,12
1422,10253,S24_3856,39,115.15,8
1423,10254,S18_1749,49,137.7,5
1424,10254,S18_2248,36,55.09,4
1425,10254,S18_2325,41,102.98,2
1426,10254,S18_4409,34,80.99,6
1427,10254,S18_4933,30,59.87,7
1428,10254,S24_1046,34,66.88,11
1429,10254,S24_1628,32,43.27,13
1430,10254,S24_1937,38,28.88,1
1431,10254,S24_2766,31,85.42,9
1432,10254,S24_2887,33,111.57,8
1433,10254,S24_3191,42,69.34,10
1434,10254,S24_3432,49,101.73,12
1435,10254,S24_3969,20,39.8,3
1436,10255,S18_2795,24,135.0,1
1437,10255,S24_2022,37,37.63,2
1438,10256,S18_1342,34,93.49,2
1439,10256,S18_1367,29,52.83,1
1440,10257,S18_2949,50,92.19,1
1441,10257,S18_2957,49,59.34,3
1442,10257,S18_3136,37,83.78,2
1443,10257,S18_3320,26,91.27,5
1444,10257,S24_4258,46,81.81,4
1445,10258,S10_1949,32,177.87,6
1446,10258,S12_1666,41,133.94,3
1447,10258,S18_1097,41,113.17,5
1448,10258,S18_4668,21,49.81,4
1449,10258,S32_3522,20,62.7,2
1450,10258,S700_2824,45,86.99,1
1451,10259,S10_4962,26,121.15,12
1452,10259,S12_4473,46,117.32,4
1453,10259,S18_2238,30,134.26,3
1454,10259,S18_2319,34,120.28,7
1455,10259,S18_2432,30,59.55,10
1456,10259,S18_3232,27,152.41,8
1457,10259,S18_4600,41,107.76,13
1458,10259,S24_1444,28,46.82,1
1459,10259,S24_2300,47,121.4,9
1460,10259,S24_2840,31,31.47,5
1461,10259,S32_1268,45,95.35,11
1462,10259,S32_2509,40,45.99,6
1463,10259,S50_1392,29,105.33,2
1464,10260,S12_1108,46,180.79,5
1465,10260,S12_3148,30,140.5,6
1466,10260,S12_3891,44,169.56,4
1467,10260,S18_3140,32,121.57,1
1468,10260,S18_3259,29,92.77,3
1469,10260,S18_4027,23,137.88,8
1470,10260,S24_4048,23,117.1,10
1471,10260,S32_3207,27,55.3,9
1472,10260,S50_1514,21,56.24,7
1473,10260,S700_1938,33,80.55,2
1474,10261,S10_4757,27,116.96,1
1475,10261,S18_4522,20,80.75,9
1476,10261,S24_2011,36,105.69,8
1477,10261,S24_3151,22,79.66,3
1478,10261,S700_1138,34,64.0,4
1479,10261,S700_2610,44,58.55,2
1480,10261,S700_3505,25,89.15,5
1481,10261,S700_3962,50,88.39,6
1482,10261,S72_3212,29,43.68,7
1483,10262,S18_1662,49,157.69,9
1484,10262,S18_3029,32,81.72,15
1485,10262,S18_3856,34,85.75,14
1486,10262,S24_1785,34,98.48,1
1487,10262,S24_2841,24,63.71,10
1488,10262,S24_3420,46,65.75,11
1489,10262,S24_3816,49,82.18,16
1490,10262,S24_3949,48,58.69,8
1491,10262,S32_4289,40,63.97,2
1492,10262,S50_1341,49,35.78,3
1493,10262,S700_1691,40,87.69,4
1494,10262,S700_2047,44,83.28,13
1495,10262,S700_2466,33,81.77,6
1496,10262,S700_3167,27,64.8,5
1497,10262,S700_4002,35,64.41,7
1498,10262,S72_1253,21,41.71,12
1499,10263,S10_1678,34,89.0,2
1500,10263,S10_2016,40,107.05,5
1501,10263,S10_4698,41,193.66,4
1502,10263,S12_2823,48,123.51,1
1503,10263,S18_2581,33,67.58,10
1504,10263,S18_2625,34,50.27,6
1505,10263,S24_1578,42,109.32,3
1506,10263,S24_2000,37,67.03,7
1507,10263,S24_4278,24,59.41,11
1508,10263,S32_1374,31,93.9,8
1509,10263,S700_2834,47,117.46,9
1510,10264,S18_3782,48,58.44,3
1511,10264,S18_4721,20,124.99,2
1512,10264,S24_2360,37,61.64,6
1513,10264,S24_4620,47,75.18,1
1514,10264,S32_2206,20,39.02,4
1515,10264,S32_4485,34,100.01,7
1516,10264,S50_4713,47,67.53,5
1517,10265,S18_3278,45,74.78,2
1518,10265,S18_3482,49,123.47,1
1519,10266,S12_1099,44,188.73,14
1520,10266,S12_3380,22,110.39,12
1521,10266,S12_3990,35,67.83,15
1522,10266,S12_4675,40,112.86,11
1523,10266,S18_1129,21,131.63,6
1524,10266,S18_1589,36,99.55,2
1525,10266,S18_1889,33,77.0,10
1526,10266,S18_1984,49,139.41,5
1527,10266,S18_2870,20,113.52,3
1528,10266,S18_3232,29,137.17,7
1529,10266,S18_3685,33,127.15,4
1530,10266,S24_1628,28,40.25,1
1531,10266,S24_2972,34,35.12,8
1532,10266,S24_3371,47,56.33,13
1533,10266,S24_3856,24,119.37,9
1534,10267,S18_4933,36,71.27,1
1535,10267,S24_1046,40,72.02,5
1536,10267,S24_2766,38,76.33,3
1537,10267,S24_2887,43,93.95,2
1538,10267,S24_3191,44,83.9,4
1539,10267,S24_3432,43,98.51,6
1540,10268,S18_1342,49,93.49,3
1541,10268,S18_1367,26,45.82,2
1542,10268,S18_1749,34,164.9,10
1543,10268,S18_2248,31,60.54,9
1544,10268,S18_2325,50,124.59,7
1545,10268,S18_2795,35,148.5,4
1546,10268,S18_3320,39,96.23,1
1547,10268,S18_4409,35,84.67,11
1548,10268,S24_1937,33,31.86,6
1549,10268,S24_2022,40,36.29,5
1550,10268,S24_3969,30,37.75,8
1551,10269,S18_2957,32,57.46,1
1552,10269,S24_4258,48,95.44,2
1553,10270,S10_1949,21,171.44,9
1554,10270,S10_4962,32,124.1,2
1555,10270,S12_1666,28,135.3,6
1556,10270,S18_1097,43,94.5,8
1557,10270,S18_2949,31,81.05,10
1558,10270,S18_3136,38,85.87,11
1559,10270,S18_4600,38,107.76,3
1560,10270,S18_4668,44,40.25,7
1561,10270,S32_1268,32,93.42,1
1562,10270,S32_3522,21,52.36,5
1563,10270,S700_2824,46,101.15,4
1564,10271,S12_4473,31,99.54,5
1565,10271,S18_2238,50,147.36,4
1566,10271,S18_2319,50,121.5,8
1567,10271,S18_2432,25,59.55,11
1568,10271,S18_3232,20,169.34,9
1569,10271,S24_1444,45,49.71,2
1570,10271,S24_2300,43,122.68,10
1571,10271,S24_2840,38,28.64,6
1572,10271,S24_4048,22,110.0,1
1573,10271,S32_2509,35,51.95,7
1574,10271,S50_1392,34,93.76,3
1575,10272,S12_1108,35,187.02,2
1576,10272,S12_3148,27,123.89,3
1577,10272,S12_3891,39,148.8,1
1578,10272,S18_4027,25,126.39,5
1579,10272,S32_3207,45,56.55,6
1580,10272,S50_1514,43,53.89,4
1581,10273,S10_4757,30,136.0,4
1582,10273,S18_3029,34,84.3,2
1583,10273,S18_3140,40,117.47,13
1584,10273,S18_3259,47,87.73,15
1585,10273,S18_3856,50,105.87,1
1586,10273,S18_4522,33,72.85,12
1587,10273,S24_2011,22,103.23,11
1588,10273,S24_3151,27,84.08,6
1589,10273,S24_3816,48,83.86,3
1590,10273,S700_1138,21,66.0,7
1591,10273,S700_1938,21,77.95,14
1592,10273,S700_2610,42,57.82,5
1593,10273,S700_3505,40,91.15,8
1594,10273,S700_3962,26,89.38,9
1595,10273,S72_3212,37,51.32,10
1596,10274,S18_1662,41,129.31,1
1597,10274,S24_2841,40,56.86,2
1598,10274,S24_3420,24,65.09,3
1599,10274,S700_2047,24,75.13,5
1600,10274,S72_1253,32,49.66,4
1601,10275,S10_1678,45,81.35,1
1602,10275,S10_2016,22,115.37,4
1603,10275,S10_4698,36,154.93,3
1604,10275,S18_2581,35,70.12,9
1605,10275,S18_2625,37,52.09,5
1606,10275,S24_1578,21,105.94,2
1607,10275,S24_1785,25,97.38,11
1608,10275,S24_2000,30,61.7,6
1609,10275,S24_3949,41,58.0,18
1610,10275,S24_4278,27,67.38,10
1611,10275,S32_1374,23,89.9,7
1612,10275,S32_4289,28,58.47,12
1613,10275,S50_1341,38,40.15,13
1614,10275,S700_1691,32,85.86,14
1615,10275,S700_2466,39,82.77,16
1616,10275,S700_2834,48,102.04,8
1617,10275,S700_3167,43,72.0,15
1618,10275,S700_4002,31,59.96,17
1619,10276,S12_1099,50,184.84,3
1620,10276,S12_2823,43,150.62,14
1621,10276,S12_3380,47,104.52,1
1622,10276,S12_3990,38,67.83,4
1623,10276,S18_3278,38,78.0,6
1624,10276,S18_3482,30,139.64,5
1625,10276,S18_3782,33,54.71,9
1626,10276,S18_4721,48,120.53,8
1627,10276,S24_2360,46,61.64,12
1628,10276,S24_3371,20,58.17,2
1629,10276,S24_4620,48,67.1,7
1630,10276,S32_2206,27,35.4,10
1631,10276,S32_4485,38,94.91,13
1632,10276,S50_4713,21,67.53,11
1633,10277,S12_4675,28,93.28,1
1634,10278,S18_1129,34,114.65,6
1635,10278,S18_1589,23,107.02,2
1636,10278,S18_1889,29,73.15,10
1637,10278,S18_1984,29,118.07,5
1638,10278,S18_2870,39,117.48,3
1639,10278,S18_3232,42,167.65,7
1640,10278,S18_3685,31,114.44,4
1641,10278,S24_1628,35,48.8,1
1642,10278,S24_2972,31,37.38,8
1643,10278,S24_3856,25,136.22,9
1644,10279,S18_4933,26,68.42,1
1645,10279,S24_1046,32,68.35,5
1646,10279,S24_2766,49,76.33,3
1647,10279,S24_2887,48,106.87,2
1648,10279,S24_3191,33,78.76,4
1649,10279,S24_3432,48,95.3,6
1650,10280,S10_1949,34,205.73,2
1651,10280,S18_1097,24,98.0,1
1652,10280,S18_1342,50,87.33,9
1653,10280,S18_1367,27,47.44,8
1654,10280,S18_1749,26,161.5,16
1655,10280,S18_2248,25,53.28,15
1656,10280,S18_2325,37,109.33,13
1657,10280,S18_2795,22,158.63,10
1658,10280,S18_2949,46,82.06,3
1659,10280,S18_2957,43,54.34,5
1660,10280,S18_3136,29,102.63,4
1661,10280,S18_3320,34,99.21,7
1662,10280,S18_4409,35,77.31,17
1663,10280,S24_1937,20,29.87,12
1664,10280,S24_2022,45,36.29,11
1665,10280,S24_3969,33,35.29,14
1666,10280,S24_4258,21,79.86,6
1667,10281,S10_4962,44,132.97,9
1668,10281,S12_1666,25,127.1,13
1669,10281,S12_4473,41,98.36,1
1670,10281,S18_2319,48,114.14,4
1671,10281,S18_2432,29,56.52,7
1672,10281,S18_3232,25,135.47,5
1673,10281,S18_4600,25,96.86,10
1674,10281,S18_4668,44,42.76,14
1675,10281,S24_2300,25,112.46,6
1676,10281,S24_2840,20,33.95,2
1677,10281,S32_1268,29,80.9,8
1678,10281,S32_2509,31,44.91,3
1679,10281,S32_3522,36,59.47,12
1680,10281,S700_2824,27,89.01,11
1681,10282,S12_1108,41,176.63,5
1682,10282,S12_3148,27,142.02,6
1683,10282,S12_3891,24,169.56,4
1684,10282,S18_2238,23,147.36,13
1685,10282,S18_3140,43,122.93,1
1686,10282,S18_3259,36,88.74,3
1687,10282,S18_4027,31,132.13,8
1688,10282,S24_1444,29,49.71,11
1689,10282,S24_4048,39,96.99,10
1690,10282,S32_3207,36,51.58,9
1691,10282,S50_1392,38,114.59,12
1692,10282,S50_1514,37,56.24,7
1693,10282,S700_1938,43,77.95,2
1694,10283,S10_4757,25,130.56,6
1695,10283,S18_3029,21,78.28,4
1696,10283,S18_3856,46,100.58,3
1697,10283,S18_4522,34,71.97,14
1698,10283,S24_2011,42,99.54,13
1699,10283,S24_3151,34,80.54,8
1700,10283,S24_3816,33,77.15,5
1701,10283,S700_1138,45,62.0,9
1702,10283,S700_2047,20,74.23,2
1703,10283,S700_2610,47,68.67,7
1704,10283,S700_3505,22,88.15,10
1705,10283,S700_3962,38,85.41,11
1706,10283,S72_1253,43,41.22,1
1707,10283,S72_3212,33,49.14,12
1708,10284,S18_1662,45,137.19,11
1709,10284,S18_2581,31,68.43,1
1710,10284,S24_1785,22,101.76,3
1711,10284,S24_2841,30,65.08,12
1712,10284,S24_3420,39,59.83,13
1713,10284,S24_3949,21,65.51,10
1714,10284,S24_4278,21,66.65,2
1715,10284,S32_4289,50,60.54,4
1716,10284,S50_1341,33,35.78,5
1717,10284,S700_1691,24,87.69,6
1718,10284,S700_2466,45,95.73,8
1719,10284,S700_3167,25,68.0,7
1720,10284,S700_4002,32,73.29,9
1721,10285,S10_1678,36,95.7,6
1722,10285,S10_2016,47,110.61,9
1723,10285,S10_4698,27,166.55,8
1724,10285,S12_2823,49,131.04,5
1725,10285,S18_2625,20,50.88,10
1726,10285,S24_1578,34,91.29,7
1727,10285,S24_2000,39,61.7,11
1728,10285,S24_2360,38,64.41,3
1729,10285,S32_1374,37,82.91,12
1730,10285,S32_2206,37,36.61,1
1731,10285,S32_4485,26,100.01,4
1732,10285,S50_4713,39,76.48,2
1733,10285,S700_2834,45,102.04,13
1734,10286,S18_3782,38,51.6,1
1735,10287,S12_1099,21,190.68,12
1736,10287,S12_3380,45,117.44,10
1737,10287,S12_3990,41,74.21,13
1738,10287,S12_4675,23,107.1,9
1739,10287,S18_1129,41,113.23,4
1740,10287,S18_1889,44,61.6,8
1741,10287,S18_1984,24,123.76,3
1742,10287,S18_2870,44,114.84,1
1743,10287,S18_3232,36,137.17,5
1744,10287,S18_3278,43,68.35,15
1745,10287,S18_3482,40,127.88,14
1746,10287,S18_3685,27,139.87,2
1747,10287,S18_4721,34,119.04,17
1748,10287,S24_2972,36,31.34,6
1749,10287,S24_3371,20,58.17,11
1750,10287,S24_3856,36,137.62,7
1751,10287,S24_4620,40,79.22,16
1752,10288,S18_1589,20,120.71,14
1753,10288,S18_1749,32,168.3,5
1754,10288,S18_2248,28,50.25,4
1755,10288,S18_2325,31,102.98,2
1756,10288,S18_4409,35,90.19,6
1757,10288,S18_4933,23,57.02,7
1758,10288,S24_1046,36,66.88,11
1759,10288,S24_1628,50,49.3,13
1760,10288,S24_1937,29,32.19,1
1761,10288,S24_2766,35,81.78,9
1762,10288,S24_2887,48,109.22,8
1763,10288,S24_3191,34,76.19,10
1764,10288,S24_3432,41,101.73,12
1765,10288,S24_3969,33,37.75,3
1766,10289,S18_1342,38,92.47,2
1767,10289,S18_1367,24,44.75,1
1768,10289,S18_2795,43,141.75,3
1769,10289,S24_2022,45,41.22,4
1770,10290,S18_3320,26,80.36,2
1771,10290,S24_4258,45,83.76,1
1772,10291,S10_1949,37,210.01,11
1773,10291,S10_4962,30,141.83,4
1774,10291,S12_1666,41,123.0,8
1775,10291,S18_1097,41,96.84,10
1776,10291,S18_2432,26,52.26,2
1777,10291,S18_2949,47,99.28,12
1778,10291,S18_2957,37,56.21,14
1779,10291,S18_3136,23,93.2,13
1780,10291,S18_4600,48,96.86,5
1781,10291,S18_4668,29,45.28,9
1782,10291,S24_2300,48,109.9,1
1783,10291,S32_1268,26,82.83,3
1784,10291,S32_3522,32,53.0,7
1785,10291,S700_2824,28,86.99,6
1786,10292,S12_4473,21,94.8,8
1787,10292,S18_2238,26,140.81,7
1788,10292,S18_2319,41,103.09,11
1789,10292,S18_3232,21,147.33,12
1790,10292,S18_4027,44,114.9,2
1791,10292,S24_1444,40,48.55,5
1792,10292,S24_2840,39,34.3,9
1793,10292,S24_4048,27,113.55,4
1794,10292,S32_2509,50,54.11,10
1795,10292,S32_3207,31,59.65,3
1796,10292,S50_1392,41,113.44,6
1797,10292,S50_1514,35,49.79,1
1798,10293,S12_1108,46,187.02,8
1799,10293,S12_3148,24,129.93,9
1800,10293,S12_3891,45,171.29,7
1801,10293,S18_3140,24,110.64,4
1802,10293,S18_3259,22,91.76,6
1803,10293,S18_4522,49,72.85,3
1804,10293,S24_2011,21,111.83,2
1805,10293,S700_1938,29,77.95,5
1806,10293,S72_3212,32,51.32,1
1807,10294,S700_3962,45,98.32,1
1808,10295,S10_4757,24,136.0,1
1809,10295,S24_3151,46,84.08,3
1810,10295,S700_1138,26,62.0,4
1811,10295,S700_2610,44,71.56,2
1812,10295,S700_3505,34,93.16,5
1813,10296,S18_1662,36,146.65,7
1814,10296,S18_3029,21,69.68,13
1815,10296,S18_3856,22,105.87,12
1816,10296,S24_2841,21,60.97,8
1817,10296,S24_3420,31,63.78,9
1818,10296,S24_3816,22,83.02,14
1819,10296,S24_3949,32,63.46,6
1820,10296,S50_1341,26,41.02,1
1821,10296,S700_1691,42,75.81,2
1822,10296,S700_2047,34,89.61,11
1823,10296,S700_2466,24,96.73,4
1824,10296,S700_3167,22,74.4,3
1825,10296,S700_4002,47,61.44,5
1826,10296,S72_1253,21,46.68,10
1827,10297,S18_2581,25,81.95,4
1828,10297,S24_1785,32,107.23,6
1829,10297,S24_2000,32,70.08,1
1830,10297,S24_4278,23,71.73,5
1831,10297,S32_1374,26,88.9,2
1832,10297,S32_4289,28,63.29,7
1833,10297,S700_2834,35,111.53,3
1834,10298,S10_2016,39,105.86,1
1835,10298,S18_2625,32,60.57,2
1836,10299,S10_1678,23,76.56,9
1837,10299,S10_4698,29,164.61,11
1838,10299,S12_2823,24,123.51,8
1839,10299,S18_3782,39,62.17,3
1840,10299,S18_4721,49,119.04,2
1841,10299,S24_1578,47,107.07,10
1842,10299,S24_2360,33,58.87,6
1843,10299,S24_4620,32,66.29,1
1844,10299,S32_2206,24,36.21,4
1845,10299,S32_4485,38,84.7,7
1846,10299,S50_4713,44,77.29,5
1847,10300,S12_1099,33,184.84,5
1848,10300,S12_3380,29,116.27,3
1849,10300,S12_3990,22,76.61,6
1850,10300,S12_4675,23,95.58,2
1851,10300,S18_1889,41,63.14,1
1852,10300,S18_3278,49,65.94,8
1853,10300,S18_3482,23,144.05,7
1854,10300,S24_3371,31,52.05,4
1855,10301,S18_1129,37,114.65,8
1856,10301,S18_1589,32,118.22,4
1857,10301,S18_1984,47,119.49,7
1858,10301,S18_2870,22,113.52,5
1859,10301,S18_3232,23,135.47,9
1860,10301,S18_3685,39,137.04,6
1861,10301,S24_1046,27,64.67,1
1862,10301,S24_1628,22,40.75,3
1863,10301,S24_2972,48,32.1,10
1864,10301,S24_3432,22,86.73,2
1865,10301,S24_3856,50,122.17,11
1866,10302,S18_1749,43,166.6,1
1867,10302,S18_4409,38,82.83,2
1868,10302,S18_4933,23,70.56,3
1869,10302,S24_2766,49,75.42,5
1870,10302,S24_2887,45,104.52,4
1871,10302,S24_3191,48,74.48,6
1872,10303,S18_2248,46,56.91,2
1873,10303,S24_3969,24,35.7,1
1874,10304,S10_1949,47,201.44,6
1875,10304,S12_1666,39,117.54,3
1876,10304,S18_1097,46,106.17,5
1877,10304,S18_1342,37,95.55,13
1878,10304,S18_1367,37,46.9,12
1879,10304,S18_2325,24,102.98,17
1880,10304,S18_2795,20,141.75,14
1881,10304,S18_2949,46,98.27,7
1882,10304,S18_2957,24,54.34,9
1883,10304,S18_3136,26,90.06,8
1884,10304,S18_3320,38,95.24,11
1885,10304,S18_4668,34,44.27,4
1886,10304,S24_1937,23,29.21,16
1887,10304,S24_2022,44,42.11,15
1888,10304,S24_4258,33,80.83,10
1889,10304,S32_3522,36,52.36,2
1890,10304,S700_2824,40,80.92,1
1891,10305,S10_4962,38,130.01,13
1892,10305,S12_4473,38,107.84,5
1893,10305,S18_2238,27,132.62,4
1894,10305,S18_2319,36,117.82,8
1895,10305,S18_2432,41,58.95,11
1896,10305,S18_3232,37,160.87,9
1897,10305,S18_4600,22,112.6,14
1898,10305,S24_1444,45,48.55,2
1899,10305,S24_2300,24,107.34,10
1900,10305,S24_2840,48,30.76,6
1901,10305,S24_4048,36,118.28,1
1902,10305,S32_1268,28,94.38,12
1903,10305,S32_2509,40,48.7,7
1904,10305,S50_1392,42,109.96,3
1905,10306,S12_1108,31,182.86,13
1906,10306,S12_3148,34,145.04,14
1907,10306,S12_3891,20,145.34,12
1908,10306,S18_3140,32,114.74,9
1909,10306,S18_3259,40,83.7,11
1910,10306,S18_4027,23,126.39,16
1911,10306,S18_4522,39,85.14,8
1912,10306,S24_2011,29,109.37,7
1913,10306,S24_3151,31,76.12,2
1914,10306,S32_3207,46,60.28,17
1915,10306,S50_1514,34,51.55,15
1916,10306,S700_1138,50,61.34,3
1917,10306,S700_1938,38,73.62,10
1918,10306,S700_2610,43,62.16,1
1919,10306,S700_3505,32,99.17,4
1920,10306,S700_3962,30,87.39,5
1921,10306,S72_3212,35,48.05,6
1922,10307,S10_4757,22,118.32,9
1923,10307,S18_1662,39,135.61,1
1924,10307,S18_3029,31,71.4,7
1925,10307,S18_3856,48,92.11,6
1926,10307,S24_2841,25,58.23,2
1927,10307,S24_3420,22,64.44,3
1928,10307,S24_3816,22,75.47,8
1929,10307,S700_2047,34,81.47,5
1930,10307,S72_1253,34,44.2,4
1931,10308,S10_2016,34,115.37,2
1932,10308,S10_4698,20,187.85,1
1933,10308,S18_2581,27,81.95,7
1934,10308,S18_2625,34,48.46,3
1935,10308,S24_1785,31,99.57,9
1936,10308,S24_2000,47,68.55,4
1937,10308,S24_3949,43,58.0,16
1938,10308,S24_4278,44,71.73,8
1939,10308,S32_1374,24,99.89,5
1940,10308,S32_4289,46,61.22,10
1941,10308,S50_1341,47,37.09,11
1942,10308,S700_1691,21,73.07,12
1943,10308,S700_2466,35,88.75,14
1944,10308,S700_2834,31,100.85,6
1945,10308,S700_3167,21,79.2,13
1946,10308,S700_4002,39,62.93,15
1947,10309,S10_1678,41,94.74,5
1948,10309,S12_2823,26,144.6,4
1949,10309,S24_1578,21,96.92,6
1950,10309,S24_2360,24,59.56,2
1951,10309,S32_4485,50,93.89,3
1952,10309,S50_4713,28,74.04,1
1953,10310,S12_1099,33,165.38,10
1954,10310,S12_3380,24,105.7,8
1955,10310,S12_3990,49,77.41,11
1956,10310,S12_4675,25,101.34,7
1957,10310,S18_1129,37,128.8,2
1958,10310,S18_1889,20,66.99,6
1959,10310,S18_1984,24,129.45,1
1960,10310,S18_3232,48,159.18,3
1961,10310,S18_3278,27,70.76,13
1962,10310,S18_3482,49,122.0,12
1963,10310,S18_3782,42,59.06,16
1964,10310,S18_4721,40,133.92,15
1965,10310,S24_2972,33,33.23,4
1966,10310,S24_3371,38,50.21,9
1967,10310,S24_3856,45,139.03,5
1968,10310,S24_4620,49,75.18,14
1969,10310,S32_2206,36,38.62,17
1970,10311,S18_1589,29,124.44,9
1971,10311,S18_2870,43,114.84,10
1972,10311,S18_3685,32,134.22,11
1973,10311,S18_4409,41,92.03,1
1974,10311,S18_4933,25,66.99,2
1975,10311,S24_1046,26,70.55,6
1976,10311,S24_1628,45,48.8,8
1977,10311,S24_2766,28,89.05,4
1978,10311,S24_2887,43,116.27,3
1979,10311,S24_3191,25,85.61,5
1980,10311,S24_3432,46,91.02,7
1981,10312,S10_1949,48,214.3,3
1982,10312,S18_1097,32,101.5,2
1983,10312,S18_1342,43,102.74,10
1984,10312,S18_1367,25,43.67,9
1985,10312,S18_1749,48,146.2,17
1986,10312,S18_2248,30,48.43,16
1987,10312,S18_2325,31,111.87,14
1988,10312,S18_2795,25,150.19,11
1989,10312,S18_2949,37,91.18,4
1990,10312,S18_2957,35,54.34,6
1991,10312,S18_3136,38,93.2,5
1992,10312,S18_3320,33,84.33,8
1993,10312,S18_4668,39,44.27,1
1994,10312,S24_1937,39,27.88,13
1995,10312,S24_2022,23,43.46,12
1996,10312,S24_3969,31,40.21,15
1997,10312,S24_4258,44,96.42,7
1998,10313,S10_4962,40,141.83,7
1999,10313,S12_1666,21,131.2,11
2000,10313,S18_2319,29,109.23,2
2001,10313,S18_2432,34,52.87,5
2002,10313,S18_3232,25,143.94,3
2003,10313,S18_4600,28,110.18,8
2004,10313,S24_2300,42,102.23,4
2005,10313,S32_1268,27,96.31,6
2006,10313,S32_2509,38,48.7,1
2007,10313,S32_3522,34,55.59,10
2008,10313,S700_2824,30,96.09,9
2009,10314,S12_1108,38,176.63,5
2010,10314,S12_3148,46,125.4,6
2011,10314,S12_3891,36,169.56,4
2012,10314,S12_4473,45,95.99,14
2013,10314,S18_2238,42,135.9,13
2014,10314,S18_3140,20,129.76,1
2015,10314,S18_3259,23,84.71,3
2016,10314,S18_4027,29,129.26,8
2017,10314,S24_1444,44,51.44,11
2018,10314,S24_2840,39,31.82,15
2019,10314,S24_4048,38,111.18,10
2020,10314,S32_3207,35,58.41,9
2021,10314,S50_1392,28,115.75,12
2022,10314,S50_1514,38,50.38,7
2023,10314,S700_1938,23,83.15,2
2024,10315,S18_4522,36,78.12,7
2025,10315,S24_2011,35,111.83,6
2026,10315,S24_3151,24,78.77,1
2027,10315,S700_1138,41,60.67,2
2028,10315,S700_3505,31,99.17,3
2029,10315,S700_3962,37,88.39,4
2030,10315,S72_3212,40,51.32,5
2031,10316,S10_4757,33,126.48,17
2032,10316,S18_1662,27,140.34,9
2033,10316,S18_3029,21,72.26,15
2034,10316,S18_3856,47,89.99,14
2035,10316,S24_1785,25,93.01,1
2036,10316,S24_2841,34,67.14,10
2037,10316,S24_3420,47,55.23,11
2038,10316,S24_3816,25,77.15,16
2039,10316,S24_3949,30,67.56,8
2040,10316,S32_4289,24,59.16,2
2041,10316,S50_1341,34,36.66,3
2042,10316,S700_1691,34,74.9,4
2043,10316,S700_2047,45,73.32,13
2044,10316,S700_2466,23,85.76,6
2045,10316,S700_2610,48,67.22,18
2046,10316,S700_3167,48,77.6,5
2047,10316,S700_4002,44,68.11,7
2048,10316,S72_1253,34,43.7,12
2049,10317,S24_4278,35,69.55,1
2050,10318,S10_1678,46,84.22,1
2051,10318,S10_2016,45,102.29,4
2052,10318,S10_4698,37,189.79,3
2053,10318,S18_2581,31,81.95,9
2054,10318,S18_2625,42,49.67,5
2055,10318,S24_1578,48,93.54,2
2056,10318,S24_2000,26,60.94,6
2057,10318,S32_1374,47,81.91,7
2058,10318,S700_2834,50,102.04,8
2059,10319,S12_2823,30,134.05,9
2060,10319,S18_3278,46,77.19,1
2061,10319,S18_3782,44,54.71,4
2062,10319,S18_4721,45,120.53,3
2063,10319,S24_2360,31,65.8,7
2064,10319,S24_4620,43,78.41,2
2065,10319,S32_2206,29,35.0,5
2066,10319,S32_4485,22,96.95,8
2067,10319,S50_4713,45,79.73,6
2068,10320,S12_1099,31,184.84,3
2069,10320,S12_3380,35,102.17,1
2070,10320,S12_3990,38,63.84,4
2071,10320,S18_3482,25,139.64,5
2072,10320,S24_3371,26,60.62,2
2073,10321,S12_4675,24,105.95,15
2074,10321,S18_1129,41,123.14,10
2075,10321,S18_1589,44,120.71,6
2076,10321,S18_1889,37,73.92,14
2077,10321,S18_1984,25,142.25,9
2078,10321,S18_2870,27,126.72,7
2079,10321,S18_3232,33,164.26,11
2080,10321,S18_3685,28,138.45,8
2081,10321,S24_1046,30,68.35,3
2082,10321,S24_1628,48,42.76,5
2083,10321,S24_2766,30,74.51,1
2084,10321,S24_2972,37,31.72,12
2085,10321,S24_3191,39,81.33,2
2086,10321,S24_3432,21,103.87,4
2087,10321,S24_3856,26,137.62,13
2088,10322,S10_1949,40,180.01,1
2089,10322,S10_4962,46,141.83,8
2090,10322,S12_1666,27,136.67,9
2091,10322,S18_1097,22,101.5,10
2092,10322,S18_1342,43,92.47,14
2093,10322,S18_1367,41,44.21,5
2094,10322,S18_2325,50,120.77,6
2095,10322,S18_2432,35,57.12,11
2096,10322,S18_2795,36,158.63,2
2097,10322,S18_2949,33,100.3,12
2098,10322,S18_2957,41,54.34,13
2099,10322,S18_3136,48,90.06,7
2100,10322,S24_1937,20,26.55,3
2101,10322,S24_2022,30,40.77,4
2102,10323,S18_3320,33,88.3,2
2103,10323,S18_4600,47,96.86,1
2104,10324,S12_3148,27,148.06,1
2105,10324,S12_4473,26,100.73,7
2106,10324,S18_2238,47,142.45,8
2107,10324,S18_2319,33,105.55,10
2108,10324,S18_3232,27,137.17,12
2109,10324,S18_4027,49,120.64,13
2110,10324,S18_4668,38,49.81,6
2111,10324,S24_1444,25,49.71,14
2112,10324,S24_2300,31,107.34,2
2113,10324,S24_2840,30,29.35,9
2114,10324,S24_4258,33,95.44,3
2115,10324,S32_1268,20,91.49,11
2116,10324,S32_3522,48,60.76,4
2117,10324,S700_2824,34,80.92,5
2118,10325,S10_4757,47,111.52,6
2119,10325,S12_1108,42,193.25,8
2120,10325,S12_3891,24,166.1,1
2121,10325,S18_3140,24,114.74,9
2122,10325,S24_4048,44,114.73,5
2123,10325,S32_2509,38,44.37,3
2124,10325,S32_3207,28,55.3,2
2125,10325,S50_1392,38,99.55,4
2126,10325,S50_1514,44,56.24,7
2127,10326,S18_3259,32,94.79,6
2128,10326,S18_4522,50,73.73,5
2129,10326,S24_2011,41,120.43,4
2130,10326,S24_3151,41,86.74,3
2131,10326,S24_3816,20,81.34,2
2132,10326,S700_1138,39,60.67,1
2133,10327,S18_1662,25,154.54,6
2134,10327,S18_2581,45,74.34,8
2135,10327,S18_3029,25,74.84,5
2136,10327,S700_1938,20,79.68,7
2137,10327,S700_2610,21,65.05,1
2138,10327,S700_3505,43,85.14,2
2139,10327,S700_3962,37,83.42,3
2140,10327,S72_3212,37,48.05,4
2141,10328,S18_3856,34,104.81,6
2142,10328,S24_1785,47,87.54,14
2143,10328,S24_2841,48,67.82,1
2144,10328,S24_3420,20,56.55,2
2145,10328,S24_3949,35,55.96,3
2146,10328,S24_4278,43,69.55,4
2147,10328,S32_4289,24,57.1,5
2148,10328,S50_1341,34,42.33,7
2149,10328,S700_1691,27,84.03,8
2150,10328,S700_2047,41,75.13,9
2151,10328,S700_2466,37,95.73,10
2152,10328,S700_2834,33,117.46,11
2153,10328,S700_3167,33,71.2,13
2154,10328,S700_4002,39,69.59,12
2155,10329,S10_1678,42,80.39,1
2156,10329,S10_2016,20,109.42,2
2157,10329,S10_4698,26,164.61,3
2158,10329,S12_1099,41,182.9,5
2159,10329,S12_2823,24,128.03,6
2160,10329,S12_3380,46,117.44,13
2161,10329,S12_3990,33,74.21,14
2162,10329,S12_4675,39,102.49,15
2163,10329,S18_1889,29,66.22,9
2164,10329,S18_2625,38,55.72,12
2165,10329,S18_3278,38,65.13,10
2166,10329,S24_1578,30,104.81,7
2167,10329,S24_2000,37,71.6,4
2168,10329,S32_1374,45,80.91,11
2169,10329,S72_1253,44,41.22,8
2170,10330,S18_3482,37,136.7,3
2171,10330,S18_3782,29,59.06,2
2172,10330,S18_4721,50,133.92,4
2173,10330,S24_2360,42,56.1,1
2174,10331,S18_1129,46,120.31,6
2175,10331,S18_1589,44,99.55,14
2176,10331,S18_1749,44,154.7,7
2177,10331,S18_1984,30,135.14,8
2178,10331,S18_2870,26,130.68,10
2179,10331,S18_3232,27,169.34,11
2180,10331,S18_3685,26,132.8,12
2181,10331,S24_2972,27,37.0,13
2182,10331,S24_3371,25,55.11,9
2183,10331,S24_3856,21,139.03,1
2184,10331,S24_4620,41,70.33,2
2185,10331,S32_2206,28,33.39,3
2186,10331,S32_4485,32,100.01,4
2187,10331,S50_4713,20,74.04,5
2188,10332,S18_1342,46,89.38,15
2189,10332,S18_1367,27,51.21,16
2190,10332,S18_2248,38,53.88,9
2191,10332,S18_2325,35,116.96,8
2192,10332,S18_2795,24,138.38,1
2193,10332,S18_2957,26,53.09,17
2194,10332,S18_3136,40,100.53,18
2195,10332,S18_4409,50,92.03,2
2196,10332,S18_4933,21,70.56,3
2197,10332,S24_1046,23,61.73,4
2198,10332,S24_1628,20,47.29,5
2199,10332,S24_1937,45,29.87,6
2200,10332,S24_2022,26,43.01,10
2201,10332,S24_2766,39,84.51,7
2202,10332,S24_2887,44,108.04,11
2203,10332,S24_3191,45,77.91,12
2204,10332,S24_3432,31,94.23,13
2205,10332,S24_3969,41,34.47,14
2206,10333,S10_1949,26,188.58,3
2207,10333,S12_1666,33,121.64,6
2208,10333,S18_1097,29,110.84,7
2209,10333,S18_2949,31,95.23,5
2210,10333,S18_3320,46,95.24,2
2211,10333,S18_4668,24,42.26,8
2212,10333,S24_4258,39,95.44,1
2213,10333,S32_3522,33,62.05,4
2214,10334,S10_4962,26,130.01,2
2215,10334,S18_2319,46,108.0,6
2216,10334,S18_2432,34,52.87,1
2217,10334,S18_3232,20,147.33,3
2218,10334,S18_4600,49,101.71,4
2219,10334,S24_2300,42,117.57,5
2220,10335,S24_2840,33,32.88,2
2221,10335,S32_1268,44,77.05,1
2222,10335,S32_2509,40,49.78,3
2223,10336,S12_1108,33,176.63,10
2224,10336,S12_3148,33,126.91,11
2225,10336,S12_3891,49,141.88,1
2226,10336,S12_4473,38,95.99,3
2227,10336,S18_2238,49,153.91,6
2228,10336,S18_3140,48,135.22,12
2229,10336,S18_3259,21,100.84,7
2230,10336,S24_1444,45,49.71,4
2231,10336,S24_4048,31,113.55,5
2232,10336,S32_3207,31,59.03,9
2233,10336,S50_1392,23,109.96,8
2234,10336,S700_2824,46,94.07,2
2235,10337,S10_4757,25,131.92,8
2236,10337,S18_4027,36,140.75,3
2237,10337,S18_4522,29,76.36,2
2238,10337,S24_2011,29,119.2,4
2239,10337,S50_1514,21,54.48,6
2240,10337,S700_1938,36,73.62,9
2241,10337,S700_3505,31,84.14,1
2242,10337,S700_3962,36,83.42,7
2243,10337,S72_3212,42,49.14,5
2244,10338,S18_1662,41,137.19,1
2245,10338,S18_3029,28,80.86,3
2246,10338,S18_3856,45,93.17,2
2247,10339,S10_2016,40,117.75,4
2248,10339,S10_4698,39,178.17,3
2249,10339,S18_2581,27,79.41,2
2250,10339,S18_2625,30,48.46,1
2251,10339,S24_1578,27,96.92,10
2252,10339,S24_1785,21,106.14,7
2253,10339,S24_2841,55,67.82,12
2254,10339,S24_3151,55,73.46,13
2255,10339,S24_3420,29,57.86,14
2256,10339,S24_3816,42,72.96,16
2257,10339,S24_3949,45,57.32,11
2258,10339,S700_1138,22,53.34,5
2259,10339,S700_2047,55,86.9,15
2260,10339,S700_2610,50,62.16,9
2261,10339,S700_4002,50,66.63,8
2262,10339,S72_1253,27,49.66,6
2263,10340,S24_2000,55,62.46,8
2264,10340,S24_4278,40,63.76,1
2265,10340,S32_1374,55,95.89,2
2266,10340,S32_4289,39,67.41,3
2267,10340,S50_1341,40,37.09,4
2268,10340,S700_1691,30,73.99,5
2269,10340,S700_2466,55,81.77,7
2270,10340,S700_2834,29,98.48,6
2271,10341,S10_1678,41,84.22,9
2272,10341,S12_1099,45,192.62,2
2273,10341,S12_2823,55,120.5,8
2274,10341,S12_3380,44,111.57,1
2275,10341,S12_3990,36,77.41,10
2276,10341,S12_4675,55,109.4,7
2277,10341,S24_2360,32,63.03,6
2278,10341,S32_4485,31,95.93,4
2279,10341,S50_4713,38,78.11,3
2280,10341,S700_3167,34,70.4,5
2281,10342,S18_1129,40,118.89,2
2282,10342,S18_1889,55,63.14,1
2283,10342,S18_1984,22,115.22,3
2284,10342,S18_3232,30,167.65,4
2285,10342,S18_3278,25,76.39,5
2286,10342,S18_3482,55,136.7,7
2287,10342,S18_3782,26,57.82,8
2288,10342,S18_4721,38,124.99,11
2289,10342,S24_2972,39,30.59,9
2290,10342,S24_3371,48,60.01,10
2291,10342,S24_3856,42,112.34,6
2292,10343,S18_1589,36,109.51,4
2293,10343,S18_2870,25,118.8,3
2294,10343,S18_3685,44,127.15,2
2295,10343,S24_1628,27,44.78,6
2296,10343,S24_4620,30,76.8,1
2297,10343,S32_2206,29,37.41,5
2298,10344,S18_1749,45,168.3,1
2299,10344,S18_2248,40,49.04,2
2300,10344,S18_2325,30,118.23,3
2301,10344,S18_4409,21,80.99,4
2302,10344,S18_4933,26,68.42,5
2303,10344,S24_1046,29,61.0,7
2304,10344,S24_1937,20,27.88,6
2305,10345,S24_2022,43,38.98,1
2306,10346,S18_1342,42,88.36,3
2307,10346,S24_2766,25,87.24,1
2308,10346,S24_2887,24,117.44,5
2309,10346,S24_3191,24,80.47,2
2310,10346,S24_3432,26,103.87,6
2311,10346,S24_3969,22,38.57,4
2312,10347,S10_1949,30,188.58,1
2313,10347,S10_4962,27,132.97,2
2314,10347,S12_1666,29,132.57,3
2315,10347,S18_1097,42,113.17,5
2316,10347,S18_1367,21,46.36,7
2317,10347,S18_2432,50,51.05,8
2318,10347,S18_2795,21,136.69,6
2319,10347,S18_2949,48,84.09,9
2320,10347,S18_2957,34,60.59,10
2321,10347,S18_3136,45,95.3,11
2322,10347,S18_3320,26,84.33,12
2323,10347,S18_4600,45,115.03,4
2324,10348,S12_1108,48,207.8,8
2325,10348,S12_3148,47,122.37,4
2326,10348,S18_4668,29,43.77,6
2327,10348,S24_2300,37,107.34,1
2328,10348,S24_4258,39,82.78,2
2329,10348,S32_1268,42,90.53,3
2330,10348,S32_3522,31,62.7,5
2331,10348,S700_2824,32,100.14,7
2332,10349,S12_3891,26,166.1,10
2333,10349,S12_4473,48,114.95,9
2334,10349,S18_2238,38,142.45,8
2335,10349,S18_2319,38,117.82,7
2336,10349,S18_3232,48,164.26,6
2337,10349,S18_4027,34,140.75,5
2338,10349,S24_1444,48,50.29,4
2339,10349,S24_2840,36,31.47,3
2340,10349,S24_4048,23,111.18,2
2341,10349,S32_2509,33,44.37,1
2342,10350,S10_4757,26,110.16,5
2343,10350,S18_3029,43,84.3,6
2344,10350,S18_3140,44,135.22,1
2345,10350,S18_3259,41,94.79,2
2346,10350,S18_4522,30,70.22,3
2347,10350,S24_2011,34,98.31,7
2348,10350,S24_3151,30,86.74,9
2349,10350,S24_3816,25,77.15,10
2350,10350,S32_3207,27,61.52,14
2351,10350,S50_1392,31,104.18,8
2352,10350,S50_1514,44,56.82,17
2353,10350,S700_1138,46,56.0,11
2354,10350,S700_1938,28,76.22,4
2355,10350,S700_2610,29,68.67,12
2356,10350,S700_3505,31,87.15,13
2357,10350,S700_3962,25,97.32,16
2358,10350,S72_3212,20,48.05,15
2359,10351,S18_1662,39,143.5,1
2360,10351,S18_3856,20,104.81,2
2361,10351,S24_2841,25,64.4,5
2362,10351,S24_3420,38,53.92,4
2363,10351,S24_3949,34,68.24,3
2364,10352,S700_2047,23,75.13,3
2365,10352,S700_2466,49,87.75,2
2366,10352,S700_4002,22,62.19,1
2367,10352,S72_1253,49,46.18,4
2368,10353,S18_2581,27,71.81,1
2369,10353,S24_1785,28,107.23,2
2370,10353,S24_4278,35,69.55,3
2371,10353,S32_1374,46,86.9,5
2372,10353,S32_4289,40,68.1,7
2373,10353,S50_1341,40,35.78,8
2374,10353,S700_1691,39,73.07,9
2375,10353,S700_2834,48,98.48,4
2376,10353,S700_3167,43,74.4,6
2377,10354,S10_1678,42,84.22,6
2378,10354,S10_2016,20,95.15,2
2379,10354,S10_4698,42,178.17,3
2380,10354,S12_1099,31,157.6,9
2381,10354,S12_2823,35,141.58,4
2382,10354,S12_3380,29,98.65,11
2383,10354,S12_3990,23,76.61,12
2384,10354,S12_4675,28,100.19,13
2385,10354,S18_1889,21,76.23,8
2386,10354,S18_2625,28,49.06,10
2387,10354,S18_3278,36,69.15,7
2388,10354,S24_1578,21,96.92,5
2389,10354,S24_2000,28,62.46,1
2390,10355,S18_3482,23,117.59,7
2391,10355,S18_3782,31,60.3,1
2392,10355,S18_4721,25,124.99,2
2393,10355,S24_2360,41,56.1,3
2394,10355,S24_2972,36,37.38,4
2395,10355,S24_3371,44,60.62,6
2396,10355,S24_3856,32,137.62,8
2397,10355,S24_4620,28,75.18,9
2398,10355,S32_2206,38,32.99,10
2399,10355,S32_4485,40,93.89,5
2400,10356,S18_1129,43,120.31,8
2401,10356,S18_1342,50,82.19,9
2402,10356,S18_1367,22,44.75,6
2403,10356,S18_1984,27,130.87,2
2404,10356,S18_2325,29,106.79,3
2405,10356,S18_2795,30,158.63,1
2406,10356,S24_1937,48,31.86,5
2407,10356,S24_2022,26,42.11,7
2408,10356,S50_4713,26,78.11,4
2409,10357,S10_1949,32,199.3,10
2410,10357,S10_4962,43,135.92,9
2411,10357,S12_1666,49,109.34,8
2412,10357,S18_1097,39,112.0,1
2413,10357,S18_2432,41,58.95,7
2414,10357,S18_2949,41,91.18,6
2415,10357,S18_2957,49,59.34,5
2416,10357,S18_3136,44,104.72,4
2417,10357,S18_3320,25,84.33,3
2418,10357,S18_4600,28,105.34,2
2419,10358,S12_3148,49,129.93,5
2420,10358,S12_4473,42,98.36,9
2421,10358,S18_2238,20,142.45,10
2422,10358,S18_2319,20,99.41,11
2423,10358,S18_3232,32,137.17,12
2424,10358,S18_4027,25,117.77,13
2425,10358,S18_4668,30,46.29,8
2426,10358,S24_1444,44,56.07,14
2427,10358,S24_2300,41,127.79,7
2428,10358,S24_2840,36,33.59,4
2429,10358,S24_4258,41,88.62,6
2430,10358,S32_1268,41,82.83,1
2431,10358,S32_3522,36,51.71,2
2432,10358,S700_2824,27,85.98,3
2433,10359,S10_4757,48,122.4,6
2434,10359,S12_1108,42,180.79,8
2435,10359,S12_3891,49,162.64,5
2436,10359,S24_4048,22,108.82,7
2437,10359,S32_2509,36,45.45,3
2438,10359,S32_3207,22,62.14,1
2439,10359,S50_1392,46,99.55,2
2440,10359,S50_1514,25,47.45,4
2441,10360,S18_1662,50,126.15,12
2442,10360,S18_2581,41,68.43,13
2443,10360,S18_3029,46,71.4,14
2444,10360,S18_3140,29,122.93,8
2445,10360,S18_3259,29,94.79,18
2446,10360,S18_3856,40,101.64,15
2447,10360,S18_4522,40,76.36,1
2448,10360,S24_1785,22,106.14,17
2449,10360,S24_2011,31,100.77,2
2450,10360,S24_2841,49,55.49,16
2451,10360,S24_3151,36,70.81,3
2452,10360,S24_3816,22,78.83,4
2453,10360,S700_1138,32,64.67,5
2454,10360,S700_1938,26,86.61,6
2455,10360,S700_2610,30,70.11,7
2456,10360,S700_3505,35,83.14,9
2457,10360,S700_3962,31,92.36,10
2458,10360,S72_3212,31,54.05,11
2459,10361,S10_1678,20,92.83,13
2460,10361,S10_2016,26,114.18,8
2461,10361,S24_3420,34,62.46,6
2462,10361,S24_3949,26,61.42,7
2463,10361,S24_4278,25,68.83,1
2464,10361,S32_4289,49,56.41,2
2465,10361,S50_1341,33,35.78,3
2466,10361,S700_1691,20,88.6,4
2467,10361,S700_2047,24,85.99,14
2468,10361,S700_2466,26,91.74,9
2469,10361,S700_2834,44,107.97,5
2470,10361,S700_3167,44,76.8,10
2471,10361,S700_4002,35,62.19,11
2472,10361,S72_1253,23,47.67,12
2473,10362,S10_4698,22,182.04,4
2474,10362,S12_2823,22,131.04,1
2475,10362,S18_2625,23,53.91,3
2476,10362,S24_1578,50,91.29,2
2477,10363,S12_1099,33,180.95,3
2478,10363,S12_3380,34,106.87,4
2479,10363,S12_3990,34,68.63,5
2480,10363,S12_4675,46,103.64,6
2481,10363,S18_1889,22,61.6,7
2482,10363,S18_3278,46,69.15,10
2483,10363,S18_3482,24,124.94,11
2484,10363,S18_3782,32,52.22,12
2485,10363,S18_4721,28,123.5,13
2486,10363,S24_2000,21,70.08,8
2487,10363,S24_2360,43,56.1,14
2488,10363,S24_3371,21,52.05,15
2489,10363,S24_3856,31,113.75,1
2490,10363,S24_4620,43,75.99,9
2491,10363,S32_1374,50,92.9,2
2492,10364,S32_2206,48,38.22,1
2493,10365,S18_1129,30,116.06,1
2494,10365,S32_4485,22,82.66,3
2495,10365,S50_4713,44,68.34,2
2496,10366,S18_1984,34,116.65,3
2497,10366,S18_2870,49,105.6,2
2498,10366,S18_3232,34,154.1,1
2499,10367,S18_1589,49,105.77,1
2500,10367,S18_1749,37,144.5,3
2501,10367,S18_2248,45,50.25,4
2502,10367,S18_2325,27,124.59,5
2503,10367,S18_2795,32,140.06,7
2504,10367,S18_3685,46,131.39,6
2505,10367,S18_4409,43,77.31,8
2506,10367,S18_4933,44,66.99,9
2507,10367,S24_1046,21,72.76,10
2508,10367,S24_1628,38,50.31,11
2509,10367,S24_1937,23,29.54,13
2510,10367,S24_2022,28,43.01,12
2511,10367,S24_2972,36,36.25,2
2512,10368,S24_2766,40,73.6,2
2513,10368,S24_2887,31,115.09,5
2514,10368,S24_3191,46,83.04,1
2515,10368,S24_3432,20,93.16,4
2516,10368,S24_3969,46,36.52,3
2517,10369,S10_1949,41,195.01,2
2518,10369,S18_1342,44,89.38,8
2519,10369,S18_1367,32,46.36,7
2520,10369,S18_2949,42,100.3,1
2521,10369,S18_2957,28,51.84,6
2522,10369,S18_3136,21,90.06,5
2523,10369,S18_3320,45,80.36,4
2524,10369,S24_4258,40,93.49,3
2525,10370,S10_4962,35,128.53,4
2526,10370,S12_1666,49,128.47,8
2527,10370,S18_1097,27,100.34,1
2528,10370,S18_2319,22,101.87,5
2529,10370,S18_2432,22,60.16,7
2530,10370,S18_3232,27,167.65,9
2531,10370,S18_4600,29,105.34,6
2532,10370,S18_4668,20,41.76,2
2533,10370,S32_3522,25,63.99,3
2534,10371,S12_1108,32,178.71,6
2535,10371,S12_4473,49,104.28,4
2536,10371,S18_2238,25,160.46,7
2537,10371,S24_1444,25,53.75,12
2538,10371,S24_2300,20,126.51,5
2539,10371,S24_2840,45,35.01,8
2540,10371,S24_4048,28,95.81,9
2541,10371,S32_1268,26,82.83,1
2542,10371,S32_2509,20,44.37,2
2543,10371,S32_3207,30,53.44,11
2544,10371,S50_1392,48,97.23,10
2545,10371,S700_2824,34,83.95,3
2546,10372,S12_3148,40,146.55,4
2547,10372,S12_3891,34,140.15,1
2548,10372,S18_3140,28,131.13,3
2549,10372,S18_3259,25,91.76,5
2550,10372,S18_4027,48,119.2,6
2551,10372,S18_4522,41,78.99,7
2552,10372,S24_2011,37,102.0,8
2553,10372,S50_1514,24,56.82,9
2554,10372,S700_1938,44,74.48,2
2555,10373,S10_4757,39,118.32,3
2556,10373,S18_1662,28,143.5,4
2557,10373,S18_3029,22,75.7,5
2558,10373,S18_3856,50,99.52,6
2559,10373,S24_2841,38,58.92,7
2560,10373,S24_3151,33,82.31,12
2561,10373,S24_3420,46,53.92,11
2562,10373,S24_3816,23,83.86,10
2563,10373,S24_3949,39,62.1,13
2564,10373,S700_1138,44,58.0,14
2565,10373,S700_2047,32,76.94,15
2566,10373,S700_2610,41,69.39,16
2567,10373,S700_3505,34,94.16,2
2568,10373,S700_3962,37,83.42,8
2569,10373,S700_4002,45,68.11,17
2570,10373,S72_1253,25,44.2,9
2571,10373,S72_3212,29,48.05,1
2572,10374,S10_2016,39,115.37,5
2573,10374,S10_4698,22,158.8,1
2574,10374,S18_2581,42,75.19,2
2575,10374,S18_2625,22,48.46,4
2576,10374,S24_1578,38,112.7,6
2577,10374,S24_1785,46,107.23,3
2578,10375,S10_1678,21,76.56,12
2579,10375,S12_1099,45,184.84,7
2580,10375,S12_2823,49,150.62,13
2581,10375,S24_2000,23,67.03,9
2582,10375,S24_2360,20,60.26,14
2583,10375,S24_4278,43,60.13,2
2584,10375,S32_1374,37,87.9,3
2585,10375,S32_4289,44,59.85,4
2586,10375,S32_4485,41,96.95,15
2587,10375,S50_1341,49,36.22,5
2588,10375,S50_4713,49,69.16,8
2589,10375,S700_1691,37,86.77,6
2590,10375,S700_2466,33,94.73,1
2591,10375,S700_2834,25,98.48,10
2592,10375,S700_3167,44,69.6,11
2593,10376,S12_3380,35,98.65,1
2594,10377,S12_3990,24,65.44,5
2595,10377,S12_4675,50,112.86,1
2596,10377,S18_1129,35,124.56,2
2597,10377,S18_1889,31,61.6,4
2598,10377,S18_1984,36,125.18,6
2599,10377,S18_3232,39,143.94,3
2600,10378,S18_1589,34,121.95,5
2601,10378,S18_3278,22,66.74,4
2602,10378,S18_3482,43,146.99,10
2603,10378,S18_3782,28,60.3,9
2604,10378,S18_4721,49,122.02,8
2605,10378,S24_2972,41,30.59,7
2606,10378,S24_3371,46,52.66,6
2607,10378,S24_3856,33,129.2,3
2608,10378,S24_4620,41,80.84,2
2609,10378,S32_2206,40,35.8,1
2610,10379,S18_1749,39,156.4,2
2611,10379,S18_2248,27,50.85,1
2612,10379,S18_2870,29,113.52,5
2613,10379,S18_3685,32,134.22,4
2614,10379,S24_1628,32,48.8,3
2615,10380,S18_1342,27,88.36,13
2616,10380,S18_2325,40,119.5,10
2617,10380,S18_2795,21,156.94,8
2618,10380,S18_4409,32,78.23,1
2619,10380,S18_4933,24,66.99,2
2620,10380,S24_1046,34,66.88,3
2621,10380,S24_1937,32,29.87,4
2622,10380,S24_2022,27,37.63,5
2623,10380,S24_2766,36,77.24,6
2624,10380,S24_2887,44,111.57,7
2625,10380,S24_3191,44,77.05,9
2626,10380,S24_3432,34,91.02,11
2627,10380,S24_3969,43,32.82,12
2628,10381,S10_1949,36,182.16,3
2629,10381,S10_4962,37,138.88,6
2630,10381,S12_1666,20,132.57,1
2631,10381,S18_1097,48,114.34,2
2632,10381,S18_1367,25,49.6,9
2633,10381,S18_2432,35,60.77,7
2634,10381,S18_2949,41,100.3,8
2635,10381,S18_2957,40,51.22,4
2636,10381,S18_3136,35,93.2,5
2637,10382,S12_1108,34,166.24,10
2638,10382,S12_3148,37,145.04,11
2639,10382,S12_3891,34,143.61,12
2640,10382,S12_4473,32,103.1,13
2641,10382,S18_2238,25,160.46,5
2642,10382,S18_3320,50,84.33,7
2643,10382,S18_4600,39,115.03,1
2644,10382,S18_4668,39,46.29,2
2645,10382,S24_2300,20,120.12,3
2646,10382,S24_4258,33,97.39,4
2647,10382,S32_1268,26,85.72,6
2648,10382,S32_3522,48,57.53,8
2649,10382,S700_2824,34,101.15,9
2650,10383,S18_2319,27,119.05,11
2651,10383,S18_3140,24,125.66,9
2652,10383,S18_3232,47,155.79,6
2653,10383,S18_3259,26,83.7,12
2654,10383,S18_4027,38,137.88,1
2655,10383,S18_4522,28,77.24,7
2656,10383,S24_1444,22,52.6,2
2657,10383,S24_2840,40,33.24,3
2658,10383,S24_4048,21,117.1,4
2659,10383,S32_2509,32,53.57,5
2660,10383,S32_3207,44,55.93,8
2661,10383,S50_1392,29,94.92,13
2662,10383,S50_1514,38,48.62,10
2663,10384,S10_4757,34,129.2,4
2664,10384,S24_2011,28,114.29,3
2665,10384,S24_3151,43,71.69,2
2666,10384,S700_1938,49,71.02,1
2667,10385,S24_3816,37,78.83,2
2668,10385,S700_1138,25,62.0,1
2669,10386,S18_1662,25,130.88,7
2670,10386,S18_2581,21,72.65,18
2671,10386,S18_3029,37,73.12,5
2672,10386,S18_3856,22,100.58,6
2673,10386,S24_1785,33,101.76,11
2674,10386,S24_2841,39,56.86,1
2675,10386,S24_3420,35,54.57,9
2676,10386,S24_3949,41,55.96,12
2677,10386,S24_4278,50,71.73,8
2678,10386,S700_2047,29,85.09,13
2679,10386,S700_2466,37,90.75,14
2680,10386,S700_2610,37,67.22,10
2681,10386,S700_3167,32,68.0,17
2682,10386,S700_3505,45,83.14,2
2683,10386,S700_3962,30,80.44,3
2684,10386,S700_4002,44,59.22,15
2685,10386,S72_1253,50,47.67,16
2686,10386,S72_3212,43,52.42,4
2687,10387,S32_1374,44,79.91,1
2688,10388,S10_1678,42,80.39,4
2689,10388,S10_2016,50,118.94,5
2690,10388,S10_4698,21,156.86,7
2691,10388,S12_2823,44,125.01,6
2692,10388,S32_4289,35,58.47,8
2693,10388,S50_1341,27,41.02,1
2694,10388,S700_1691,46,74.9,2
2695,10388,S700_2834,50,111.53,3
2696,10389,S12_1099,26,182.9,4
2697,10389,S12_3380,25,95.13,6
2698,10389,S12_3990,36,76.61,7
2699,10389,S12_4675,47,102.49,8
2700,10389,S18_1889,49,63.91,3
2701,10389,S18_2625,39,52.09,5
2702,10389,S24_1578,45,112.7,1
2703,10389,S24_2000,49,61.7,2
2704,10390,S18_1129,36,117.48,14
2705,10390,S18_1984,34,132.29,15
2706,10390,S18_2325,31,102.98,16
2707,10390,S18_2795,26,162.0,7
2708,10390,S18_3278,40,75.59,9
2709,10390,S18_3482,50,135.23,1
2710,10390,S18_3782,36,54.09,2
2711,10390,S18_4721,49,122.02,3
2712,10390,S24_2360,35,67.87,4
2713,10390,S24_2972,37,35.87,5
2714,10390,S24_3371,46,51.43,6
2715,10390,S24_3856,45,134.81,8
2716,10390,S24_4620,30,66.29,10
2717,10390,S32_2206,41,39.02,11
2718,10390,S32_4485,45,101.03,12
2719,10390,S50_4713,22,81.36,13
2720,10391,S10_1949,24,195.01,4
2721,10391,S10_4962,37,121.15,7
2722,10391,S12_1666,39,110.7,9
2723,10391,S18_1097,29,114.34,10
2724,10391,S18_1342,35,102.74,2
2725,10391,S18_1367,42,47.44,3
2726,10391,S18_2432,44,57.73,5
2727,10391,S18_2949,32,99.28,6
2728,10391,S24_1937,33,26.55,8
2729,10391,S24_2022,24,36.29,1
2730,10392,S18_2957,37,61.21,3
2731,10392,S18_3136,29,103.67,2
2732,10392,S18_3320,36,98.22,1
2733,10393,S12_3148,35,145.04,8
2734,10393,S12_4473,32,99.54,10
2735,10393,S18_2238,20,137.53,11
2736,10393,S18_2319,38,104.32,7
2737,10393,S18_4600,30,106.55,9
2738,10393,S18_4668,44,41.76,1
2739,10393,S24_2300,33,112.46,2
2740,10393,S24_4258,33,88.62,3
2741,10393,S32_1268,38,84.75,4
2742,10393,S32_3522,31,63.35,5
2743,10393,S700_2824,21,83.95,6
2744,10394,S18_3232,22,135.47,5
2745,10394,S18_4027,37,124.95,1
2746,10394,S24_1444,31,53.18,2
2747,10394,S24_2840,46,35.36,6
2748,10394,S24_4048,37,104.09,7
2749,10394,S32_2509,36,47.08,3
2750,10394,S32_3207,30,55.93,4
2751,10395,S10_4757,32,125.12,2
2752,10395,S12_1108,33,205.72,1
2753,10395,S50_1392,46,98.39,4
2754,10395,S50_1514,45,57.99,3
2755,10396,S12_3891,33,155.72,3
2756,10396,S18_3140,33,129.76,2
2757,10396,S18_3259,24,91.76,4
2758,10396,S18_4522,45,83.38,5
2759,10396,S24_2011,49,100.77,6
2760,10396,S24_3151,27,77.0,7
2761,10396,S24_3816,37,77.99,8
2762,10396,S700_1138,39,62.0,1
2763,10397,S700_1938,32,69.29,5
2764,10397,S700_2610,22,62.88,4
2765,10397,S700_3505,48,86.15,3
2766,10397,S700_3962,36,80.44,2
2767,10397,S72_3212,34,52.96,1
2768,10398,S18_1662,33,130.88,11
2769,10398,S18_2581,34,82.79,15
2770,10398,S18_3029,28,70.54,18
2771,10398,S18_3856,45,92.11,17
2772,10398,S24_1785,43,100.67,16
2773,10398,S24_2841,28,60.29,3
2774,10398,S24_3420,34,61.15,13
2775,10398,S24_3949,41,56.64,2
2776,10398,S24_4278,45,65.93,14
2777,10398,S32_4289,22,60.54,4
2778,10398,S50_1341,49,38.84,5
2779,10398,S700_1691,47,78.55,6
2780,10398,S700_2047,36,75.13,7
2781,10398,S700_2466,22,98.72,8
2782,10398,S700_2834,23,102.04,9
2783,10398,S700_3167,29,76.8,10
2784,10398,S700_4002,36,62.19,12
2785,10398,S72_1253,34,41.22,1
2786,10399,S10_1678,40,77.52,8
2787,10399,S10_2016,51,99.91,7
2788,10399,S10_4698,22,156.86,6
2789,10399,S12_2823,29,123.51,5
2790,10399,S18_2625,30,51.48,4
2791,10399,S24_1578,57,104.81,3
2792,10399,S24_2000,58,75.41,2
2793,10399,S32_1374,32,97.89,1
2794,10400,S10_4757,64,134.64,9
2795,10400,S18_1662,34,129.31,1
2796,10400,S18_3029,30,74.84,7
2797,10400,S18_3856,58,88.93,6
2798,10400,S24_2841,24,55.49,2
2799,10400,S24_3420,38,59.18,3
2800,10400,S24_3816,42,74.64,8
2801,10400,S700_2047,46,82.37,5
2802,10400,S72_1253,20,41.71,4
2803,10401,S18_2581,42,75.19,3
2804,10401,S24_1785,38,87.54,5
2805,10401,S24_3949,64,59.37,12
2806,10401,S24_4278,52,65.93,4
2807,10401,S32_1374,49,81.91,1
2808,10401,S32_4289,62,62.6,6
2809,10401,S50_1341,56,41.46,7
2810,10401,S700_1691,11,77.64,8
2811,10401,S700_2466,85,98.72,10
2812,10401,S700_2834,21,96.11,2
2813,10401,S700_3167,77,73.6,9
2814,10401,S700_4002,40,66.63,11
2815,10402,S10_2016,45,118.94,1
2816,10402,S18_2625,55,58.15,2
2817,10402,S24_2000,59,61.7,3
2818,10403,S10_1678,24,85.17,7
2819,10403,S10_4698,66,174.29,9
2820,10403,S12_2823,66,122.0,6
2821,10403,S18_3782,36,55.33,1
2822,10403,S24_1578,46,109.32,8
2823,10403,S24_2360,27,57.49,4
2824,10403,S32_2206,30,35.8,2
2825,10403,S32_4485,45,88.78,5
2826,10403,S50_4713,31,65.09,3
2827,10404,S12_1099,64,163.44,3
2828,10404,S12_3380,43,102.17,1
2829,10404,S12_3990,77,67.03,4
2830,10404,S18_3278,90,67.54,6
2831,10404,S18_3482,28,127.88,5
2832,10404,S18_4721,48,124.99,8
2833,10404,S24_3371,49,53.27,2
2834,10404,S24_4620,48,65.48,7
2835,10405,S12_4675,97,115.16,5
2836,10405,S18_1889,61,72.38,4
2837,10405,S18_3232,55,147.33,1
2838,10405,S24_2972,47,37.38,2
2839,10405,S24_3856,76,127.79,3
2840,10406,S18_1129,61,124.56,3
2841,10406,S18_1984,48,133.72,2
2842,10406,S18_3685,65,117.26,1
2843,10407,S18_1589,59,114.48,11
2844,10407,S18_1749,76,141.1,2
2845,10407,S18_2248,42,58.12,1
2846,10407,S18_2870,41,132.0,12
2847,10407,S18_4409,6,91.11,3
2848,10407,S18_4933,66,64.14,4
2849,10407,S24_1046,26,68.35,8
2850,10407,S24_1628,64,45.78,10
2851,10407,S24_2766,76,81.78,6
2852,10407,S24_2887,59,98.65,5
2853,10407,S24_3191,13,77.05,7
2854,10407,S24_3432,43,101.73,9
2855,10408,S24_3969,15,41.03,1
2856,10409,S18_2325,6,104.25,2
2857,10409,S24_1937,61,27.88,1
2858,10410,S18_1342,65,99.66,7
2859,10410,S18_1367,44,51.21,6
2860,10410,S18_2795,56,145.13,8
2861,10410,S18_2949,47,93.21,1
2862,10410,S18_2957,53,49.97,3
2863,10410,S18_3136,34,84.82,2
2864,10410,S18_3320,44,81.35,5
2865,10410,S24_2022,31,42.56,9
2866,10410,S24_4258,50,95.44,4
2867,10411,S10_1949,23,205.73,9
2868,10411,S10_4962,27,144.79,2
2869,10411,S12_1666,40,110.7,6
2870,10411,S18_1097,27,109.67,8
2871,10411,S18_4600,46,106.55,3
2872,10411,S18_4668,35,41.25,7
2873,10411,S32_1268,26,78.01,1
2874,10411,S32_3522,27,60.76,5
2875,10411,S700_2824,34,89.01,4
2876,10412,S12_4473,54,100.73,5
2877,10412,S18_2238,41,150.63,4
2878,10412,S18_2319,56,120.28,8
2879,10412,S18_2432,47,49.83,11
2880,10412,S18_3232,60,157.49,9
2881,10412,S24_1444,21,47.4,2
2882,10412,S24_2300,70,109.9,10
2883,10412,S24_2840,30,32.88,6
2884,10412,S24_4048,31,108.82,1
2885,10412,S32_2509,19,50.86,7
2886,10412,S50_1392,26,105.33,3
2887,10413,S12_1108,36,201.57,2
2888,10413,S12_3148,47,145.04,3
2889,10413,S12_3891,22,173.02,1
2890,10413,S18_4027,49,133.57,5
2891,10413,S32_3207,24,56.55,6
2892,10413,S50_1514,51,53.31,4
2893,10414,S10_4757,49,114.24,3
2894,10414,S18_3029,44,77.42,1
2895,10414,S18_3140,41,128.39,12
2896,10414,S18_3259,48,85.71,14
2897,10414,S18_4522,56,83.38,11
2898,10414,S24_2011,43,108.14,10
2899,10414,S24_3151,60,72.58,5
2900,10414,S24_3816,51,72.96,2
2901,10414,S700_1138,37,62.0,6
2902,10414,S700_1938,34,74.48,13
2903,10414,S700_2610,31,61.44,4
2904,10414,S700_3505,28,84.14,7
2905,10414,S700_3962,40,84.41,8
2906,10414,S72_3212,47,54.6,9
2907,10415,S18_3856,51,86.81,5
2908,10415,S24_2841,21,60.97,1
2909,10415,S24_3420,18,59.83,2
2910,10415,S700_2047,32,73.32,4
2911,10415,S72_1253,42,43.2,3
2912,10416,S18_1662,24,129.31,14
2913,10416,S18_2581,15,70.96,4
2914,10416,S24_1785,47,90.82,6
2915,10416,S24_2000,32,62.46,1
2916,10416,S24_3949,18,64.83,13
2917,10416,S24_4278,48,70.28,5
2918,10416,S32_1374,45,86.9,2
2919,10416,S32_4289,26,68.1,7
2920,10416,S50_1341,37,39.71,8
2921,10416,S700_1691,23,88.6,9
2922,10416,S700_2466,22,84.76,11
2923,10416,S700_2834,41,98.48,3
2924,10416,S700_3167,39,65.6,10
2925,10416,S700_4002,43,63.67,12
2926,10417,S10_1678,66,79.43,2
2927,10417,S10_2016,45,116.56,5
2928,10417,S10_4698,56,162.67,4
2929,10417,S12_2823,21,144.6,1
2930,10417,S18_2625,36,58.75,6
2931,10417,S24_1578,35,109.32,3
2932,10418,S18_3278,16,70.76,2
2933,10418,S18_3482,27,139.64,1
2934,10418,S18_3782,33,56.57,5
2935,10418,S18_4721,28,120.53,4
2936,10418,S24_2360,52,64.41,8
2937,10418,S24_4620,10,66.29,3
2938,10418,S32_2206,43,36.61,6
2939,10418,S32_4485,50,100.01,9
2940,10418,S50_4713,40,72.41,7
2941,10419,S12_1099,12,182.9,13
2942,10419,S12_3380,10,111.57,11
2943,10419,S12_3990,34,64.64,14
2944,10419,S12_4675,32,99.04,10
2945,10419,S18_1129,38,117.48,5
2946,10419,S18_1589,37,100.8,1
2947,10419,S18_1889,39,67.76,9
2948,10419,S18_1984,34,133.72,4
2949,10419,S18_2870,55,116.16,2
2950,10419,S18_3232,35,165.95,6
2951,10419,S18_3685,43,114.44,3
2952,10419,S24_2972,15,32.1,7
2953,10419,S24_3371,55,52.66,12
2954,10419,S24_3856,70,112.34,8
2955,10420,S18_1749,37,153.0,5
2956,10420,S18_2248,36,52.06,4
2957,10420,S18_2325,45,116.96,2
2958,10420,S18_4409,66,73.62,6
2959,10420,S18_4933,36,68.42,7
2960,10420,S24_1046,60,60.26,11
2961,10420,S24_1628,37,48.8,13
2962,10420,S24_1937,45,32.19,1
2963,10420,S24_2766,39,76.33,9
2964,10420,S24_2887,55,115.09,8
2965,10420,S24_3191,35,77.05,10
2966,10420,S24_3432,26,104.94,12
2967,10420,S24_3969,15,35.29,3
2968,10421,S18_2795,35,167.06,1
2969,10421,S24_2022,40,44.8,2
2970,10422,S18_1342,51,91.44,2
2971,10422,S18_1367,25,47.44,1
2972,10423,S18_2949,10,89.15,1
2973,10423,S18_2957,31,56.21,3
2974,10423,S18_3136,21,98.44,2
2975,10423,S18_3320,21,80.36,5
2976,10423,S24_4258,28,78.89,4
2977,10424,S10_1949,50,201.44,6
2978,10424,S12_1666,49,121.64,3
2979,10424,S18_1097,54,108.5,5
2980,10424,S18_4668,26,40.25,4
2981,10424,S32_3522,44,54.94,2
2982,10424,S700_2824,46,85.98,1
2983,10425,S10_4962,38,131.49,12
2984,10425,S12_4473,33,95.99,4
2985,10425,S18_2238,28,147.36,3
2986,10425,S18_2319,38,117.82,7
2987,10425,S18_2432,19,48.62,10
2988,10425,S18_3232,28,140.55,8
2989,10425,S18_4600,38,107.76,13
2990,10425,S24_1444,55,53.75,1
2991,10425,S24_2300,49,127.79,9
2992,10425,S24_2840,31,31.82,5
2993,10425,S32_1268,41,83.79,11
2994,10425,S32_2509,11,50.32,6
2995,10425,S50_1392,18,94.92,2
